MPI ranks: 64
Peclet Number =  25.0
time unit conversion:  0.005845586908136183 sec/sim unit
F_grav_mesh:  8.487449177146344  F_grav_rod:  101.14995912175824
F_boy_mesh:  8.375503131572037  F_boy_rod:  92.5702750891091
F_const_mesh:  -0.11194604557430665  F_const_rod:  -8.57968403264914
mass_rod =  0.9061594987080823
mass_mesh_bead =  0.07603545032000769
rigid bodies done.
Langevin test.
WCA added.
avg edge length:  0.6384538013292764
bond added.
bend added.
area added.
wall added.
logger added.
Successfully ran for 0 timestep.

Equilibrating mesh...
tps:  248.6084144003938
step:  100
tps:  5700.60426405199
step:  200
tps:  5937.889674009857
step:  300
tps:  5425.641582117086
step:  400
tps:  6776.536918573132
step:  1400
MPI ranks: 64
Peclet Number =  25.0
time unit conversion:  0.005845586908136183 sec/sim unit
F_grav_mesh:  8.487449177146344  F_grav_rod:  101.14995912175824
F_boy_mesh:  8.375503131572037  F_boy_rod:  92.5702750891091
F_const_mesh:  -0.11194604557430665  F_const_rod:  -8.57968403264914
mass_rod =  0.9061594987080823
mass_mesh_bead =  0.07603545032000769
avg edge length:  0.6384538013292764
MPI ranks: 64
Peclet Number =  25.0
time unit conversion:  0.005845586908136183 sec/sim unit
F_grav_mesh:  8.487449177146344  F_grav_rod:  101.14995912175824
F_boy_mesh:  8.375503131572037  F_boy_rod:  92.5702750891091
F_const_mesh:  -0.11194604557430665  F_const_rod:  -8.57968403264914
mass_rod =  0.9061594987080823
mass_mesh_bead =  0.07603545032000769
avg edge length:  0.6384538013292764
MPI ranks: 64
Peclet Number =  25.0
time unit conversion:  0.005845586908136183 sec/sim unit
F_grav_mesh:  8.487449177146344  F_grav_rod:  101.14995912175824
F_boy_mesh:  8.375503131572037  F_boy_rod:  92.5702750891091
F_const_mesh:  -0.11194604557430665  F_const_rod:  -8.57968403264914
mass_rod =  0.9061594987080823
mass_mesh_bead =  0.07603545032000769
avg edge length:  0.6384538013292764
MPI ranks: 64
Peclet Number =  25.0
time unit conversion:  0.005845586908136183 sec/sim unit
F_grav_mesh:  8.487449177146344  F_grav_rod:  101.14995912175824
F_boy_mesh:  8.375503131572037  F_boy_rod:  92.5702750891091
F_const_mesh:  -0.11194604557430665  F_const_rod:  -8.57968403264914
mass_rod =  0.9061594987080823
mass_mesh_bead =  0.07603545032000769
avg edge length:  0.6384538013292764
MPI ranks: 64
Peclet Number =  25.0
time unit conversion:  0.005845586908136183 sec/sim unit
F_grav_mesh:  8.487449177146344  F_grav_rod:  101.14995912175824
F_boy_mesh:  8.375503131572037  F_boy_rod:  92.5702750891091
F_const_mesh:  -0.11194604557430665  F_const_rod:  -8.57968403264914
mass_rod =  0.9061594987080823
mass_mesh_bead =  0.07603545032000769
avg edge length:  0.6384538013292764
MPI ranks: 64
Peclet Number =  25.0
time unit conversion:  0.005845586908136183 sec/sim unit
F_grav_mesh:  8.487449177146344  F_grav_rod:  101.14995912175824
F_boy_mesh:  8.375503131572037  F_boy_rod:  92.5702750891091
F_const_mesh:  -0.11194604557430665  F_const_rod:  -8.57968403264914
mass_rod =  0.9061594987080823
mass_mesh_bead =  0.07603545032000769
avg edge length:  0.6384538013292764
MPI ranks: 64
Peclet Number =  25.0
time unit conversion:  0.005845586908136183 sec/sim unit
F_grav_mesh:  8.487449177146344  F_grav_rod:  101.14995912175824
F_boy_mesh:  8.375503131572037  F_boy_rod:  92.5702750891091
F_const_mesh:  -0.11194604557430665  F_const_rod:  -8.57968403264914
mass_rod =  0.9061594987080823
mass_mesh_bead =  0.07603545032000769
avg edge length:  0.6384538013292764
MPI ranks: 64
Peclet Number =  25.0
time unit conversion:  0.005845586908136183 sec/sim unit
F_grav_mesh:  8.487449177146344  F_grav_rod:  101.14995912175824
F_boy_mesh:  8.375503131572037  F_boy_rod:  92.5702750891091
F_const_mesh:  -0.11194604557430665  F_const_rod:  -8.57968403264914
mass_rod =  0.9061594987080823
mass_mesh_bead =  0.07603545032000769
avg edge length:  0.6384538013292764
MPI ranks: 64
Peclet Number =  25.0
time unit conversion:  0.005845586908136183 sec/sim unit
F_grav_mesh:  8.487449177146344  F_grav_rod:  101.14995912175824
F_boy_mesh:  8.375503131572037  F_boy_rod:  92.5702750891091
F_const_mesh:  -0.11194604557430665  F_const_rod:  -8.57968403264914
mass_rod =  0.9061594987080823
mass_mesh_bead =  0.07603545032000769
avg edge length:  0.6384538013292764
MPI ranks: 64
Peclet Number =  25.0
time unit conversion:  0.005845586908136183 sec/sim unit
F_grav_mesh:  8.487449177146344  F_grav_rod:  101.14995912175824
F_boy_mesh:  8.375503131572037  F_boy_rod:  92.5702750891091
F_const_mesh:  -0.11194604557430665  F_const_rod:  -8.57968403264914
mass_rod =  0.9061594987080823
mass_mesh_bead =  0.07603545032000769
avg edge length:  0.6384538013292764
MPI ranks: 64
Peclet Number =  25.0
time unit conversion:  0.005845586908136183 sec/sim unit
F_grav_mesh:  8.487449177146344  F_grav_rod:  101.14995912175824
F_boy_mesh:  8.375503131572037  F_boy_rod:  92.5702750891091
F_const_mesh:  -0.11194604557430665  F_const_rod:  -8.57968403264914
mass_rod =  0.9061594987080823
mass_mesh_bead =  0.07603545032000769
avg edge length:  0.6384538013292764
MPI ranks: 64
Peclet Number =  25.0
time unit conversion:  0.005845586908136183 sec/sim unit
F_grav_mesh:  8.487449177146344  F_grav_rod:  101.14995912175824
F_boy_mesh:  8.375503131572037  F_boy_rod:  92.5702750891091
F_const_mesh:  -0.11194604557430665  F_const_rod:  -8.57968403264914
mass_rod =  0.9061594987080823
mass_mesh_bead =  0.07603545032000769
avg edge length:  0.6384538013292764
MPI ranks: 64
Peclet Number =  25.0
time unit conversion:  0.005845586908136183 sec/sim unit
F_grav_mesh:  8.487449177146344  F_grav_rod:  101.14995912175824
F_boy_mesh:  8.375503131572037  F_boy_rod:  92.5702750891091
F_const_mesh:  -0.11194604557430665  F_const_rod:  -8.57968403264914
mass_rod =  0.9061594987080823
mass_mesh_bead =  0.07603545032000769
avg edge length:  0.6384538013292764
MPI ranks: 64
Peclet Number =  25.0
time unit conversion:  0.005845586908136183 sec/sim unit
F_grav_mesh:  8.487449177146344  F_grav_rod:  101.14995912175824
F_boy_mesh:  8.375503131572037  F_boy_rod:  92.5702750891091
F_const_mesh:  -0.11194604557430665  F_const_rod:  -8.57968403264914
mass_rod =  0.9061594987080823
mass_mesh_bead =  0.07603545032000769
avg edge length:  0.6384538013292764
MPI ranks: 64
Peclet Number =  25.0
time unit conversion:  0.005845586908136183 sec/sim unit
F_grav_mesh:  8.487449177146344  F_grav_rod:  101.14995912175824
F_boy_mesh:  8.375503131572037  F_boy_rod:  92.5702750891091
F_const_mesh:  -0.11194604557430665  F_const_rod:  -8.57968403264914
mass_rod =  0.9061594987080823
mass_mesh_bead =  0.07603545032000769
avg edge length:  0.6384538013292764
MPI ranks: 64
Peclet Number =  25.0
time unit conversion:  0.005845586908136183 sec/sim unit
F_grav_mesh:  8.487449177146344  F_grav_rod:  101.14995912175824
F_boy_mesh:  8.375503131572037  F_boy_rod:  92.5702750891091
F_const_mesh:  -0.11194604557430665  F_const_rod:  -8.57968403264914
mass_rod =  0.9061594987080823
mass_mesh_bead =  0.07603545032000769
avg edge length:  0.6384538013292764
MPI ranks: 64
Peclet Number =  25.0
time unit conversion:  0.005845586908136183 sec/sim unit
F_grav_mesh:  8.487449177146344  F_grav_rod:  101.14995912175824
F_boy_mesh:  8.375503131572037  F_boy_rod:  92.5702750891091
F_const_mesh:  -0.11194604557430665  F_const_rod:  -8.57968403264914
mass_rod =  0.9061594987080823
mass_mesh_bead =  0.07603545032000769
avg edge length:  0.6384538013292764
MPI ranks: 64
Peclet Number =  25.0
time unit conversion:  0.005845586908136183 sec/sim unit
F_grav_mesh:  8.487449177146344  F_grav_rod:  101.14995912175824
F_boy_mesh:  8.375503131572037  F_boy_rod:  92.5702750891091
F_const_mesh:  -0.11194604557430665  F_const_rod:  -8.57968403264914
mass_rod =  0.9061594987080823
mass_mesh_bead =  0.07603545032000769
avg edge length:  0.6384538013292764
MPI ranks: 64
Peclet Number =  25.0
time unit conversion:  0.005845586908136183 sec/sim unit
F_grav_mesh:  8.487449177146344  F_grav_rod:  101.14995912175824
F_boy_mesh:  8.375503131572037  F_boy_rod:  92.5702750891091
F_const_mesh:  -0.11194604557430665  F_const_rod:  -8.57968403264914
mass_rod =  0.9061594987080823
mass_mesh_bead =  0.07603545032000769
avg edge length:  0.6384538013292764
MPI ranks: 64
Peclet Number =  25.0
time unit conversion:  0.005845586908136183 sec/sim unit
F_grav_mesh:  8.487449177146344  F_grav_rod:  101.14995912175824
F_boy_mesh:  8.375503131572037  F_boy_rod:  92.5702750891091
F_const_mesh:  -0.11194604557430665  F_const_rod:  -8.57968403264914
mass_rod =  0.9061594987080823
mass_mesh_bead =  0.07603545032000769
avg edge length:  0.6384538013292764
MPI ranks: 64
Peclet Number =  25.0
time unit conversion:  0.005845586908136183 sec/sim unit
F_grav_mesh:  8.487449177146344  F_grav_rod:  101.14995912175824
F_boy_mesh:  8.375503131572037  F_boy_rod:  92.5702750891091
F_const_mesh:  -0.11194604557430665  F_const_rod:  -8.57968403264914
mass_rod =  0.9061594987080823
mass_mesh_bead =  0.07603545032000769
avg edge length:  0.6384538013292764
MPI ranks: 64
Peclet Number =  25.0
time unit conversion:  0.005845586908136183 sec/sim unit
F_grav_mesh:  8.487449177146344  F_grav_rod:  101.14995912175824
F_boy_mesh:  8.375503131572037  F_boy_rod:  92.5702750891091
F_const_mesh:  -0.11194604557430665  F_const_rod:  -8.57968403264914
mass_rod =  0.9061594987080823
mass_mesh_bead =  0.07603545032000769
avg edge length:  0.6384538013292764
MPI ranks: 64
Peclet Number =  25.0
time unit conversion:  0.005845586908136183 sec/sim unit
F_grav_mesh:  8.487449177146344  F_grav_rod:  101.14995912175824
F_boy_mesh:  8.375503131572037  F_boy_rod:  92.5702750891091
F_const_mesh:  -0.11194604557430665  F_const_rod:  -8.57968403264914
mass_rod =  0.9061594987080823
mass_mesh_bead =  0.07603545032000769
avg edge length:  0.6384538013292764
MPI ranks: 64
Peclet Number =  25.0
time unit conversion:  0.005845586908136183 sec/sim unit
F_grav_mesh:  8.487449177146344  F_grav_rod:  101.14995912175824
F_boy_mesh:  8.375503131572037  F_boy_rod:  92.5702750891091
F_const_mesh:  -0.11194604557430665  F_const_rod:  -8.57968403264914
mass_rod =  0.9061594987080823
mass_mesh_bead =  0.07603545032000769
avg edge length:  0.6384538013292764
MPI ranks: 64
Peclet Number =  25.0
time unit conversion:  0.005845586908136183 sec/sim unit
F_grav_mesh:  8.487449177146344  F_grav_rod:  101.14995912175824
F_boy_mesh:  8.375503131572037  F_boy_rod:  92.5702750891091
F_const_mesh:  -0.11194604557430665  F_const_rod:  -8.57968403264914
mass_rod =  0.9061594987080823
mass_mesh_bead =  0.07603545032000769
avg edge length:  0.6384538013292764
MPI ranks: 64
Peclet Number =  25.0
time unit conversion:  0.005845586908136183 sec/sim unit
F_grav_mesh:  8.487449177146344  F_grav_rod:  101.14995912175824
F_boy_mesh:  8.375503131572037  F_boy_rod:  92.5702750891091
F_const_mesh:  -0.11194604557430665  F_const_rod:  -8.57968403264914
mass_rod =  0.9061594987080823
mass_mesh_bead =  0.07603545032000769
avg edge length:  0.6384538013292764
MPI ranks: 64
Peclet Number =  25.0
time unit conversion:  0.005845586908136183 sec/sim unit
F_grav_mesh:  8.487449177146344  F_grav_rod:  101.14995912175824
F_boy_mesh:  8.375503131572037  F_boy_rod:  92.5702750891091
F_const_mesh:  -0.11194604557430665  F_const_rod:  -8.57968403264914
mass_rod =  0.9061594987080823
mass_mesh_bead =  0.07603545032000769
avg edge length:  0.6384538013292764
MPI ranks: 64
Peclet Number =  25.0
time unit conversion:  0.005845586908136183 sec/sim unit
F_grav_mesh:  8.487449177146344  F_grav_rod:  101.14995912175824
F_boy_mesh:  8.375503131572037  F_boy_rod:  92.5702750891091
F_const_mesh:  -0.11194604557430665  F_const_rod:  -8.57968403264914
mass_rod =  0.9061594987080823
mass_mesh_bead =  0.07603545032000769
avg edge length:  0.6384538013292764
MPI ranks: 64
Peclet Number =  25.0
time unit conversion:  0.005845586908136183 sec/sim unit
F_grav_mesh:  8.487449177146344  F_grav_rod:  101.14995912175824
F_boy_mesh:  8.375503131572037  F_boy_rod:  92.5702750891091
F_const_mesh:  -0.11194604557430665  F_const_rod:  -8.57968403264914
mass_rod =  0.9061594987080823
mass_mesh_bead =  0.07603545032000769
avg edge length:  0.6384538013292764
MPI ranks: 64
Peclet Number =  25.0
time unit conversion:  0.005845586908136183 sec/sim unit
F_grav_mesh:  8.487449177146344  F_grav_rod:  101.14995912175824
F_boy_mesh:  8.375503131572037  F_boy_rod:  92.5702750891091
F_const_mesh:  -0.11194604557430665  F_const_rod:  -8.57968403264914
mass_rod =  0.9061594987080823
mass_mesh_bead =  0.07603545032000769
avg edge length:  0.6384538013292764
MPI ranks: 64
Peclet Number =  25.0
time unit conversion:  0.005845586908136183 sec/sim unit
F_grav_mesh:  8.487449177146344  F_grav_rod:  101.14995912175824
F_boy_mesh:  8.375503131572037  F_boy_rod:  92.5702750891091
F_const_mesh:  -0.11194604557430665  F_const_rod:  -8.57968403264914
mass_rod =  0.9061594987080823
mass_mesh_bead =  0.07603545032000769
avg edge length:  0.6384538013292764
MPI ranks: 64
Peclet Number =  25.0
time unit conversion:  0.005845586908136183 sec/sim unit
F_grav_mesh:  8.487449177146344  F_grav_rod:  101.14995912175824
F_boy_mesh:  8.375503131572037  F_boy_rod:  92.5702750891091
F_const_mesh:  -0.11194604557430665  F_const_rod:  -8.57968403264914
mass_rod =  0.9061594987080823
mass_mesh_bead =  0.07603545032000769
avg edge length:  0.6384538013292764
MPI ranks: 64
Peclet Number =  25.0
time unit conversion:  0.005845586908136183 sec/sim unit
F_grav_mesh:  8.487449177146344  F_grav_rod:  101.14995912175824
F_boy_mesh:  8.375503131572037  F_boy_rod:  92.5702750891091
F_const_mesh:  -0.11194604557430665  F_const_rod:  -8.57968403264914
mass_rod =  0.9061594987080823
mass_mesh_bead =  0.07603545032000769
avg edge length:  0.6384538013292764
MPI ranks: 64
Peclet Number =  25.0
time unit conversion:  0.005845586908136183 sec/sim unit
F_grav_mesh:  8.487449177146344  F_grav_rod:  101.14995912175824
F_boy_mesh:  8.375503131572037  F_boy_rod:  92.5702750891091
F_const_mesh:  -0.11194604557430665  F_const_rod:  -8.57968403264914
mass_rod =  0.9061594987080823
mass_mesh_bead =  0.07603545032000769
avg edge length:  0.6384538013292764
MPI ranks: 64
Peclet Number =  25.0
time unit conversion:  0.005845586908136183 sec/sim unit
F_grav_mesh:  8.487449177146344  F_grav_rod:  101.14995912175824
F_boy_mesh:  8.375503131572037  F_boy_rod:  92.5702750891091
F_const_mesh:  -0.11194604557430665  F_const_rod:  -8.57968403264914
mass_rod =  0.9061594987080823
mass_mesh_bead =  0.07603545032000769
avg edge length:  0.6384538013292764
MPI ranks: 64
Peclet Number =  25.0
time unit conversion:  0.005845586908136183 sec/sim unit
F_grav_mesh:  8.487449177146344  F_grav_rod:  101.14995912175824
F_boy_mesh:  8.375503131572037  F_boy_rod:  92.5702750891091
F_const_mesh:  -0.11194604557430665  F_const_rod:  -8.57968403264914
mass_rod =  0.9061594987080823
mass_mesh_bead =  0.07603545032000769
avg edge length:  0.6384538013292764
MPI ranks: 64
Peclet Number =  25.0
time unit conversion:  0.005845586908136183 sec/sim unit
F_grav_mesh:  8.487449177146344  F_grav_rod:  101.14995912175824
F_boy_mesh:  8.375503131572037  F_boy_rod:  92.5702750891091
F_const_mesh:  -0.11194604557430665  F_const_rod:  -8.57968403264914
mass_rod =  0.9061594987080823
mass_mesh_bead =  0.07603545032000769
avg edge length:  0.6384538013292764
MPI ranks: 64
Peclet Number =  25.0
time unit conversion:  0.005845586908136183 sec/sim unit
F_grav_mesh:  8.487449177146344  F_grav_rod:  101.14995912175824
F_boy_mesh:  8.375503131572037  F_boy_rod:  92.5702750891091
F_const_mesh:  -0.11194604557430665  F_const_rod:  -8.57968403264914
mass_rod =  0.9061594987080823
mass_mesh_bead =  0.07603545032000769
avg edge length:  0.6384538013292764
MPI ranks: 64
Peclet Number =  25.0
time unit conversion:  0.005845586908136183 sec/sim unit
F_grav_mesh:  8.487449177146344  F_grav_rod:  101.14995912175824
F_boy_mesh:  8.375503131572037  F_boy_rod:  92.5702750891091
F_const_mesh:  -0.11194604557430665  F_const_rod:  -8.57968403264914
mass_rod =  0.9061594987080823
mass_mesh_bead =  0.07603545032000769
avg edge length:  0.6384538013292764
MPI ranks: 64
Peclet Number =  25.0
time unit conversion:  0.005845586908136183 sec/sim unit
F_grav_mesh:  8.487449177146344  F_grav_rod:  101.14995912175824
F_boy_mesh:  8.375503131572037  F_boy_rod:  92.5702750891091
F_const_mesh:  -0.11194604557430665  F_const_rod:  -8.57968403264914
mass_rod =  0.9061594987080823
mass_mesh_bead =  0.07603545032000769
avg edge length:  0.6384538013292764
MPI ranks: 64
Peclet Number =  25.0
time unit conversion:  0.005845586908136183 sec/sim unit
F_grav_mesh:  8.487449177146344  F_grav_rod:  101.14995912175824
F_boy_mesh:  8.375503131572037  F_boy_rod:  92.5702750891091
F_const_mesh:  -0.11194604557430665  F_const_rod:  -8.57968403264914
mass_rod =  0.9061594987080823
mass_mesh_bead =  0.07603545032000769
avg edge length:  0.6384538013292764
MPI ranks: 64
Peclet Number =  25.0
time unit conversion:  0.005845586908136183 sec/sim unit
F_grav_mesh:  8.487449177146344  F_grav_rod:  101.14995912175824
F_boy_mesh:  8.375503131572037  F_boy_rod:  92.5702750891091
F_const_mesh:  -0.11194604557430665  F_const_rod:  -8.57968403264914
mass_rod =  0.9061594987080823
mass_mesh_bead =  0.07603545032000769
avg edge length:  0.6384538013292764
MPI ranks: 64
Peclet Number =  25.0
time unit conversion:  0.005845586908136183 sec/sim unit
F_grav_mesh:  8.487449177146344  F_grav_rod:  101.14995912175824
F_boy_mesh:  8.375503131572037  F_boy_rod:  92.5702750891091
F_const_mesh:  -0.11194604557430665  F_const_rod:  -8.57968403264914
mass_rod =  0.9061594987080823
mass_mesh_bead =  0.07603545032000769
avg edge length:  0.6384538013292764
MPI ranks: 64
Peclet Number =  25.0
time unit conversion:  0.005845586908136183 sec/sim unit
F_grav_mesh:  8.487449177146344  F_grav_rod:  101.14995912175824
F_boy_mesh:  8.375503131572037  F_boy_rod:  92.5702750891091
F_const_mesh:  -0.11194604557430665  F_const_rod:  -8.57968403264914
mass_rod =  0.9061594987080823
mass_mesh_bead =  0.07603545032000769
avg edge length:  0.6384538013292764
MPI ranks: 64
Peclet Number =  25.0
time unit conversion:  0.005845586908136183 sec/sim unit
F_grav_mesh:  8.487449177146344  F_grav_rod:  101.14995912175824
F_boy_mesh:  8.375503131572037  F_boy_rod:  92.5702750891091
F_const_mesh:  -0.11194604557430665  F_const_rod:  -8.57968403264914
mass_rod =  0.9061594987080823
mass_mesh_bead =  0.07603545032000769
avg edge length:  0.6384538013292764
MPI ranks: 64
Peclet Number =  25.0
time unit conversion:  0.005845586908136183 sec/sim unit
F_grav_mesh:  8.487449177146344  F_grav_rod:  101.14995912175824
F_boy_mesh:  8.375503131572037  F_boy_rod:  92.5702750891091
F_const_mesh:  -0.11194604557430665  F_const_rod:  -8.57968403264914
mass_rod =  0.9061594987080823
mass_mesh_bead =  0.07603545032000769
avg edge length:  0.6384538013292764
MPI ranks: 64
Peclet Number =  25.0
time unit conversion:  0.005845586908136183 sec/sim unit
F_grav_mesh:  8.487449177146344  F_grav_rod:  101.14995912175824
F_boy_mesh:  8.375503131572037  F_boy_rod:  92.5702750891091
F_const_mesh:  -0.11194604557430665  F_const_rod:  -8.57968403264914
mass_rod =  0.9061594987080823
mass_mesh_bead =  0.07603545032000769
avg edge length:  0.6384538013292764
MPI ranks: 64
Peclet Number =  25.0
time unit conversion:  0.005845586908136183 sec/sim unit
F_grav_mesh:  8.487449177146344  F_grav_rod:  101.14995912175824
F_boy_mesh:  8.375503131572037  F_boy_rod:  92.5702750891091
F_const_mesh:  -0.11194604557430665  F_const_rod:  -8.57968403264914
mass_rod =  0.9061594987080823
mass_mesh_bead =  0.07603545032000769
avg edge length:  0.6384538013292764
MPI ranks: 64
Peclet Number =  25.0
time unit conversion:  0.005845586908136183 sec/sim unit
F_grav_mesh:  8.487449177146344  F_grav_rod:  101.14995912175824
F_boy_mesh:  8.375503131572037  F_boy_rod:  92.5702750891091
F_const_mesh:  -0.11194604557430665  F_const_rod:  -8.57968403264914
mass_rod =  0.9061594987080823
mass_mesh_bead =  0.07603545032000769
avg edge length:  0.6384538013292764
MPI ranks: 64
Peclet Number =  25.0
time unit conversion:  0.005845586908136183 sec/sim unit
F_grav_mesh:  8.487449177146344  F_grav_rod:  101.14995912175824
F_boy_mesh:  8.375503131572037  F_boy_rod:  92.5702750891091
F_const_mesh:  -0.11194604557430665  F_const_rod:  -8.57968403264914
mass_rod =  0.9061594987080823
mass_mesh_bead =  0.07603545032000769
avg edge length:  0.6384538013292764
MPI ranks: 64
Peclet Number =  25.0
time unit conversion:  0.005845586908136183 sec/sim unit
F_grav_mesh:  8.487449177146344  F_grav_rod:  101.14995912175824
F_boy_mesh:  8.375503131572037  F_boy_rod:  92.5702750891091
F_const_mesh:  -0.11194604557430665  F_const_rod:  -8.57968403264914
mass_rod =  0.9061594987080823
mass_mesh_bead =  0.07603545032000769
avg edge length:  0.6384538013292764
MPI ranks: 64
Peclet Number =  25.0
time unit conversion:  0.005845586908136183 sec/sim unit
F_grav_mesh:  8.487449177146344  F_grav_rod:  101.14995912175824
F_boy_mesh:  8.375503131572037  F_boy_rod:  92.5702750891091
F_const_mesh:  -0.11194604557430665  F_const_rod:  -8.57968403264914
mass_rod =  0.9061594987080823
mass_mesh_bead =  0.07603545032000769
avg edge length:  0.6384538013292764
MPI ranks: 64
Peclet Number =  25.0
time unit conversion:  0.005845586908136183 sec/sim unit
F_grav_mesh:  8.487449177146344  F_grav_rod:  101.14995912175824
F_boy_mesh:  8.375503131572037  F_boy_rod:  92.5702750891091
F_const_mesh:  -0.11194604557430665  F_const_rod:  -8.57968403264914
mass_rod =  0.9061594987080823
mass_mesh_bead =  0.07603545032000769
avg edge length:  0.6384538013292764
MPI ranks: 64
Peclet Number =  25.0
time unit conversion:  0.005845586908136183 sec/sim unit
F_grav_mesh:  8.487449177146344  F_grav_rod:  101.14995912175824
F_boy_mesh:  8.375503131572037  F_boy_rod:  92.5702750891091
F_const_mesh:  -0.11194604557430665  F_const_rod:  -8.57968403264914
mass_rod =  0.9061594987080823
mass_mesh_bead =  0.07603545032000769
avg edge length:  0.6384538013292764
MPI ranks: 64
Peclet Number =  25.0
time unit conversion:  0.005845586908136183 sec/sim unit
F_grav_mesh:  8.487449177146344  F_grav_rod:  101.14995912175824
F_boy_mesh:  8.375503131572037  F_boy_rod:  92.5702750891091
F_const_mesh:  -0.11194604557430665  F_const_rod:  -8.57968403264914
mass_rod =  0.9061594987080823
mass_mesh_bead =  0.07603545032000769
avg edge length:  0.6384538013292764
MPI ranks: 64
Peclet Number =  25.0
time unit conversion:  0.005845586908136183 sec/sim unit
F_grav_mesh:  8.487449177146344  F_grav_rod:  101.14995912175824
F_boy_mesh:  8.375503131572037  F_boy_rod:  92.5702750891091
F_const_mesh:  -0.11194604557430665  F_const_rod:  -8.57968403264914
mass_rod =  0.9061594987080823
mass_mesh_bead =  0.07603545032000769
avg edge length:  0.6384538013292764
MPI ranks: 64
Peclet Number =  25.0
time unit conversion:  0.005845586908136183 sec/sim unit
F_grav_mesh:  8.487449177146344  F_grav_rod:  101.14995912175824
F_boy_mesh:  8.375503131572037  F_boy_rod:  92.5702750891091
F_const_mesh:  -0.11194604557430665  F_const_rod:  -8.57968403264914
mass_rod =  0.9061594987080823
mass_mesh_bead =  0.07603545032000769
avg edge length:  0.6384538013292764
MPI ranks: 64
Peclet Number =  25.0
time unit conversion:  0.005845586908136183 sec/sim unit
F_grav_mesh:  8.487449177146344  F_grav_rod:  101.14995912175824
F_boy_mesh:  8.375503131572037  F_boy_rod:  92.5702750891091
F_const_mesh:  -0.11194604557430665  F_const_rod:  -8.57968403264914
mass_rod =  0.9061594987080823
mass_mesh_bead =  0.07603545032000769
avg edge length:  0.6384538013292764
MPI ranks: 64
Peclet Number =  25.0
time unit conversion:  0.005845586908136183 sec/sim unit
F_grav_mesh:  8.487449177146344  F_grav_rod:  101.14995912175824
F_boy_mesh:  8.375503131572037  F_boy_rod:  92.5702750891091
F_const_mesh:  -0.11194604557430665  F_const_rod:  -8.57968403264914
mass_rod =  0.9061594987080823
mass_mesh_bead =  0.07603545032000769
avg edge length:  0.6384538013292764
MPI ranks: 64
Peclet Number =  25.0
time unit conversion:  0.005845586908136183 sec/sim unit
F_grav_mesh:  8.487449177146344  F_grav_rod:  101.14995912175824
F_boy_mesh:  8.375503131572037  F_boy_rod:  92.5702750891091
F_const_mesh:  -0.11194604557430665  F_const_rod:  -8.57968403264914
mass_rod =  0.9061594987080823
mass_mesh_bead =  0.07603545032000769
avg edge length:  0.6384538013292764
MPI ranks: 64
Peclet Number =  25.0
time unit conversion:  0.005845586908136183 sec/sim unit
F_grav_mesh:  8.487449177146344  F_grav_rod:  101.14995912175824
F_boy_mesh:  8.375503131572037  F_boy_rod:  92.5702750891091
F_const_mesh:  -0.11194604557430665  F_const_rod:  -8.57968403264914
mass_rod =  0.9061594987080823
mass_mesh_bead =  0.07603545032000769
avg edge length:  0.6384538013292764
MPI ranks: 64
Peclet Number =  25.0
time unit conversion:  0.005845586908136183 sec/sim unit
F_grav_mesh:  8.487449177146344  F_grav_rod:  101.14995912175824
F_boy_mesh:  8.375503131572037  F_boy_rod:  92.5702750891091
F_const_mesh:  -0.11194604557430665  F_const_rod:  -8.57968403264914
mass_rod =  0.9061594987080823
mass_mesh_bead =  0.07603545032000769
avg edge length:  0.6384538013292764
MPI ranks: 64
Peclet Number =  25.0
time unit conversion:  0.005845586908136183 sec/sim unit
F_grav_mesh:  8.487449177146344  F_grav_rod:  101.14995912175824
F_boy_mesh:  8.375503131572037  F_boy_rod:  92.5702750891091
F_const_mesh:  -0.11194604557430665  F_const_rod:  -8.57968403264914
mass_rod =  0.9061594987080823
mass_mesh_bead =  0.07603545032000769
avg edge length:  0.6384538013292764
Traceback (most recent call last):
Traceback (most recent call last):
Traceback (most recent call last):
Traceback (most recent call last):
Traceback (most recent call last):
Traceback (most recent call last):
Traceback (most recent call last):
Traceback (most recent call last):
Traceback (most recent call last):
Traceback (most recent call last):
Traceback (most recent call last):
Traceback (most recent call last):
Traceback (most recent call last):
  File "/anvil/scratch/x-kjensen/flexicles/Haichao/ACCESS_benchmarks_2026/benchmarks/project.py", line 567, in <module>
    globals()[args.action](*jobs)
    ~~~~~~~~~~~~~~~~~~~~~~^^^^^^^
  File "/anvil/scratch/x-kjensen/flexicles/Haichao/ACCESS_benchmarks_2026/benchmarks/project.py", line 555, in Run
    Run_implementation(jobs[communicator.partition], communicator)
    ~~~~~~~~~~~~~~~~~~^^^^^^^^^^^^^^^^^^^^^^^^^^^^^^^^^^^^^^^^^^^^
  File "/anvil/scratch/x-kjensen/flexicles/Haichao/ACCESS_benchmarks_2026/benchmarks/project.py", line 496, in Run_implementation
    TriArea = 4 * np.pi * R_vert_avg**2 / len(faces)
                          ^^^^^^^^^^
UnboundLocalError: cannot access local variable 'R_vert_avg' where it is not associated with a value
  File "/anvil/scratch/x-kjensen/flexicles/Haichao/ACCESS_benchmarks_2026/benchmarks/project.py", line 567, in <module>
    globals()[args.action](*jobs)
    ~~~~~~~~~~~~~~~~~~~~~~^^^^^^^
  File "/anvil/scratch/x-kjensen/flexicles/Haichao/ACCESS_benchmarks_2026/benchmarks/project.py", line 555, in Run
    Run_implementation(jobs[communicator.partition], communicator)
    ~~~~~~~~~~~~~~~~~~^^^^^^^^^^^^^^^^^^^^^^^^^^^^^^^^^^^^^^^^^^^^
  File "/anvil/scratch/x-kjensen/flexicles/Haichao/ACCESS_benchmarks_2026/benchmarks/project.py", line 496, in Run_implementation
    TriArea = 4 * np.pi * R_vert_avg**2 / len(faces)
                          ^^^^^^^^^^
UnboundLocalError: cannot access local variable 'R_vert_avg' where it is not associated with a value
  File "/anvil/scratch/x-kjensen/flexicles/Haichao/ACCESS_benchmarks_2026/benchmarks/project.py", line 567, in <module>
    globals()[args.action](*jobs)
    ~~~~~~~~~~~~~~~~~~~~~~^^^^^^^
  File "/anvil/scratch/x-kjensen/flexicles/Haichao/ACCESS_benchmarks_2026/benchmarks/project.py", line 555, in Run
    Run_implementation(jobs[communicator.partition], communicator)
    ~~~~~~~~~~~~~~~~~~^^^^^^^^^^^^^^^^^^^^^^^^^^^^^^^^^^^^^^^^^^^^
  File "/anvil/scratch/x-kjensen/flexicles/Haichao/ACCESS_benchmarks_2026/benchmarks/project.py", line 496, in Run_implementation
    TriArea = 4 * np.pi * R_vert_avg**2 / len(faces)
                          ^^^^^^^^^^
UnboundLocalError: cannot access local variable 'R_vert_avg' where it is not associated with a value
  File "/anvil/scratch/x-kjensen/flexicles/Haichao/ACCESS_benchmarks_2026/benchmarks/project.py", line 567, in <module>
    globals()[args.action](*jobs)
    ~~~~~~~~~~~~~~~~~~~~~~^^^^^^^
  File "/anvil/scratch/x-kjensen/flexicles/Haichao/ACCESS_benchmarks_2026/benchmarks/project.py", line 555, in Run
    Run_implementation(jobs[communicator.partition], communicator)
    ~~~~~~~~~~~~~~~~~~^^^^^^^^^^^^^^^^^^^^^^^^^^^^^^^^^^^^^^^^^^^^
  File "/anvil/scratch/x-kjensen/flexicles/Haichao/ACCESS_benchmarks_2026/benchmarks/project.py", line 496, in Run_implementation
    TriArea = 4 * np.pi * R_vert_avg**2 / len(faces)
                          ^^^^^^^^^^
UnboundLocalError: cannot access local variable 'R_vert_avg' where it is not associated with a value
  File "/anvil/scratch/x-kjensen/flexicles/Haichao/ACCESS_benchmarks_2026/benchmarks/project.py", line 567, in <module>
    globals()[args.action](*jobs)
    ~~~~~~~~~~~~~~~~~~~~~~^^^^^^^
  File "/anvil/scratch/x-kjensen/flexicles/Haichao/ACCESS_benchmarks_2026/benchmarks/project.py", line 555, in Run
    Run_implementation(jobs[communicator.partition], communicator)
    ~~~~~~~~~~~~~~~~~~^^^^^^^^^^^^^^^^^^^^^^^^^^^^^^^^^^^^^^^^^^^^
  File "/anvil/scratch/x-kjensen/flexicles/Haichao/ACCESS_benchmarks_2026/benchmarks/project.py", line 496, in Run_implementation
    TriArea = 4 * np.pi * R_vert_avg**2 / len(faces)
                          ^^^^^^^^^^
UnboundLocalError: cannot access local variable 'R_vert_avg' where it is not associated with a value
  File "/anvil/scratch/x-kjensen/flexicles/Haichao/ACCESS_benchmarks_2026/benchmarks/project.py", line 567, in <module>
    globals()[args.action](*jobs)
    ~~~~~~~~~~~~~~~~~~~~~~^^^^^^^
  File "/anvil/scratch/x-kjensen/flexicles/Haichao/ACCESS_benchmarks_2026/benchmarks/project.py", line 555, in Run
    Run_implementation(jobs[communicator.partition], communicator)
    ~~~~~~~~~~~~~~~~~~^^^^^^^^^^^^^^^^^^^^^^^^^^^^^^^^^^^^^^^^^^^^
  File "/anvil/scratch/x-kjensen/flexicles/Haichao/ACCESS_benchmarks_2026/benchmarks/project.py", line 496, in Run_implementation
    TriArea = 4 * np.pi * R_vert_avg**2 / len(faces)
                          ^^^^^^^^^^
UnboundLocalError: cannot access local variable 'R_vert_avg' where it is not associated with a value
  File "/anvil/scratch/x-kjensen/flexicles/Haichao/ACCESS_benchmarks_2026/benchmarks/project.py", line 567, in <module>
    globals()[args.action](*jobs)
    ~~~~~~~~~~~~~~~~~~~~~~^^^^^^^
  File "/anvil/scratch/x-kjensen/flexicles/Haichao/ACCESS_benchmarks_2026/benchmarks/project.py", line 555, in Run
    Run_implementation(jobs[communicator.partition], communicator)
    ~~~~~~~~~~~~~~~~~~^^^^^^^^^^^^^^^^^^^^^^^^^^^^^^^^^^^^^^^^^^^^
  File "/anvil/scratch/x-kjensen/flexicles/Haichao/ACCESS_benchmarks_2026/benchmarks/project.py", line 496, in Run_implementation
    TriArea = 4 * np.pi * R_vert_avg**2 / len(faces)
                          ^^^^^^^^^^
UnboundLocalError: cannot access local variable 'R_vert_avg' where it is not associated with a value
  File "/anvil/scratch/x-kjensen/flexicles/Haichao/ACCESS_benchmarks_2026/benchmarks/project.py", line 567, in <module>
    globals()[args.action](*jobs)
    ~~~~~~~~~~~~~~~~~~~~~~^^^^^^^
  File "/anvil/scratch/x-kjensen/flexicles/Haichao/ACCESS_benchmarks_2026/benchmarks/project.py", line 555, in Run
    Run_implementation(jobs[communicator.partition], communicator)
    ~~~~~~~~~~~~~~~~~~^^^^^^^^^^^^^^^^^^^^^^^^^^^^^^^^^^^^^^^^^^^^
  File "/anvil/scratch/x-kjensen/flexicles/Haichao/ACCESS_benchmarks_2026/benchmarks/project.py", line 496, in Run_implementation
    TriArea = 4 * np.pi * R_vert_avg**2 / len(faces)
                          ^^^^^^^^^^
UnboundLocalError: cannot access local variable 'R_vert_avg' where it is not associated with a value
  File "/anvil/scratch/x-kjensen/flexicles/Haichao/ACCESS_benchmarks_2026/benchmarks/project.py", line 567, in <module>
    globals()[args.action](*jobs)
    ~~~~~~~~~~~~~~~~~~~~~~^^^^^^^
  File "/anvil/scratch/x-kjensen/flexicles/Haichao/ACCESS_benchmarks_2026/benchmarks/project.py", line 555, in Run
    Run_implementation(jobs[communicator.partition], communicator)
    ~~~~~~~~~~~~~~~~~~^^^^^^^^^^^^^^^^^^^^^^^^^^^^^^^^^^^^^^^^^^^^
  File "/anvil/scratch/x-kjensen/flexicles/Haichao/ACCESS_benchmarks_2026/benchmarks/project.py", line 496, in Run_implementation
    TriArea = 4 * np.pi * R_vert_avg**2 / len(faces)
                          ^^^^^^^^^^
UnboundLocalError: cannot access local variable 'R_vert_avg' where it is not associated with a value
  File "/anvil/scratch/x-kjensen/flexicles/Haichao/ACCESS_benchmarks_2026/benchmarks/project.py", line 567, in <module>
    globals()[args.action](*jobs)
    ~~~~~~~~~~~~~~~~~~~~~~^^^^^^^
  File "/anvil/scratch/x-kjensen/flexicles/Haichao/ACCESS_benchmarks_2026/benchmarks/project.py", line 555, in Run
    Run_implementation(jobs[communicator.partition], communicator)
    ~~~~~~~~~~~~~~~~~~^^^^^^^^^^^^^^^^^^^^^^^^^^^^^^^^^^^^^^^^^^^^
  File "/anvil/scratch/x-kjensen/flexicles/Haichao/ACCESS_benchmarks_2026/benchmarks/project.py", line 496, in Run_implementation
    TriArea = 4 * np.pi * R_vert_avg**2 / len(faces)
                          ^^^^^^^^^^
UnboundLocalError: cannot access local variable 'R_vert_avg' where it is not associated with a value
  File "/anvil/scratch/x-kjensen/flexicles/Haichao/ACCESS_benchmarks_2026/benchmarks/project.py", line 567, in <module>
    globals()[args.action](*jobs)
    ~~~~~~~~~~~~~~~~~~~~~~^^^^^^^
  File "/anvil/scratch/x-kjensen/flexicles/Haichao/ACCESS_benchmarks_2026/benchmarks/project.py", line 555, in Run
    Run_implementation(jobs[communicator.partition], communicator)
    ~~~~~~~~~~~~~~~~~~^^^^^^^^^^^^^^^^^^^^^^^^^^^^^^^^^^^^^^^^^^^^
  File "/anvil/scratch/x-kjensen/flexicles/Haichao/ACCESS_benchmarks_2026/benchmarks/project.py", line 496, in Run_implementation
    TriArea = 4 * np.pi * R_vert_avg**2 / len(faces)
                          ^^^^^^^^^^
UnboundLocalError: cannot access local variable 'R_vert_avg' where it is not associated with a value
  File "/anvil/scratch/x-kjensen/flexicles/Haichao/ACCESS_benchmarks_2026/benchmarks/project.py", line 567, in <module>
    globals()[args.action](*jobs)
    ~~~~~~~~~~~~~~~~~~~~~~^^^^^^^
  File "/anvil/scratch/x-kjensen/flexicles/Haichao/ACCESS_benchmarks_2026/benchmarks/project.py", line 555, in Run
    Run_implementation(jobs[communicator.partition], communicator)
    ~~~~~~~~~~~~~~~~~~^^^^^^^^^^^^^^^^^^^^^^^^^^^^^^^^^^^^^^^^^^^^
  File "/anvil/scratch/x-kjensen/flexicles/Haichao/ACCESS_benchmarks_2026/benchmarks/project.py", line 496, in Run_implementation
    TriArea = 4 * np.pi * R_vert_avg**2 / len(faces)
                          ^^^^^^^^^^
UnboundLocalError: cannot access local variable 'R_vert_avg' where it is not associated with a value
  File "/anvil/scratch/x-kjensen/flexicles/Haichao/ACCESS_benchmarks_2026/benchmarks/project.py", line 567, in <module>
    globals()[args.action](*jobs)
    ~~~~~~~~~~~~~~~~~~~~~~^^^^^^^
  File "/anvil/scratch/x-kjensen/flexicles/Haichao/ACCESS_benchmarks_2026/benchmarks/project.py", line 555, in Run
    Run_implementation(jobs[communicator.partition], communicator)
    ~~~~~~~~~~~~~~~~~~^^^^^^^^^^^^^^^^^^^^^^^^^^^^^^^^^^^^^^^^^^^^
  File "/anvil/scratch/x-kjensen/flexicles/Haichao/ACCESS_benchmarks_2026/benchmarks/project.py", line 496, in Run_implementation
    TriArea = 4 * np.pi * R_vert_avg**2 / len(faces)
                          ^^^^^^^^^^
UnboundLocalError: cannot access local variable 'R_vert_avg' where it is not associated with a value
Traceback (most recent call last):
Traceback (most recent call last):
Traceback (most recent call last):
Traceback (most recent call last):
Traceback (most recent call last):
  File "/anvil/scratch/x-kjensen/flexicles/Haichao/ACCESS_benchmarks_2026/benchmarks/project.py", line 567, in <module>
    globals()[args.action](*jobs)
    ~~~~~~~~~~~~~~~~~~~~~~^^^^^^^
  File "/anvil/scratch/x-kjensen/flexicles/Haichao/ACCESS_benchmarks_2026/benchmarks/project.py", line 555, in Run
    Run_implementation(jobs[communicator.partition], communicator)
    ~~~~~~~~~~~~~~~~~~^^^^^^^^^^^^^^^^^^^^^^^^^^^^^^^^^^^^^^^^^^^^
  File "/anvil/scratch/x-kjensen/flexicles/Haichao/ACCESS_benchmarks_2026/benchmarks/project.py", line 496, in Run_implementation
    TriArea = 4 * np.pi * R_vert_avg**2 / len(faces)
                          ^^^^^^^^^^
UnboundLocalError: cannot access local variable 'R_vert_avg' where it is not associated with a value
Traceback (most recent call last):
  File "/anvil/scratch/x-kjensen/flexicles/Haichao/ACCESS_benchmarks_2026/benchmarks/project.py", line 567, in <module>
    globals()[args.action](*jobs)
    ~~~~~~~~~~~~~~~~~~~~~~^^^^^^^
  File "/anvil/scratch/x-kjensen/flexicles/Haichao/ACCESS_benchmarks_2026/benchmarks/project.py", line 555, in Run
    Run_implementation(jobs[communicator.partition], communicator)
    ~~~~~~~~~~~~~~~~~~^^^^^^^^^^^^^^^^^^^^^^^^^^^^^^^^^^^^^^^^^^^^
  File "/anvil/scratch/x-kjensen/flexicles/Haichao/ACCESS_benchmarks_2026/benchmarks/project.py", line 496, in Run_implementation
    TriArea = 4 * np.pi * R_vert_avg**2 / len(faces)
                          ^^^^^^^^^^
UnboundLocalError: cannot access local variable 'R_vert_avg' where it is not associated with a value
Traceback (most recent call last):
Traceback (most recent call last):
  File "/anvil/scratch/x-kjensen/flexicles/Haichao/ACCESS_benchmarks_2026/benchmarks/project.py", line 567, in <module>
    globals()[args.action](*jobs)
    ~~~~~~~~~~~~~~~~~~~~~~^^^^^^^
  File "/anvil/scratch/x-kjensen/flexicles/Haichao/ACCESS_benchmarks_2026/benchmarks/project.py", line 555, in Run
    Run_implementation(jobs[communicator.partition], communicator)
    ~~~~~~~~~~~~~~~~~~^^^^^^^^^^^^^^^^^^^^^^^^^^^^^^^^^^^^^^^^^^^^
  File "/anvil/scratch/x-kjensen/flexicles/Haichao/ACCESS_benchmarks_2026/benchmarks/project.py", line 496, in Run_implementation
    TriArea = 4 * np.pi * R_vert_avg**2 / len(faces)
                          ^^^^^^^^^^
UnboundLocalError: cannot access local variable 'R_vert_avg' where it is not associated with a value
Traceback (most recent call last):
Traceback (most recent call last):
  File "/anvil/scratch/x-kjensen/flexicles/Haichao/ACCESS_benchmarks_2026/benchmarks/project.py", line 567, in <module>
    globals()[args.action](*jobs)
    ~~~~~~~~~~~~~~~~~~~~~~^^^^^^^
  File "/anvil/scratch/x-kjensen/flexicles/Haichao/ACCESS_benchmarks_2026/benchmarks/project.py", line 555, in Run
    Run_implementation(jobs[communicator.partition], communicator)
    ~~~~~~~~~~~~~~~~~~^^^^^^^^^^^^^^^^^^^^^^^^^^^^^^^^^^^^^^^^^^^^
  File "/anvil/scratch/x-kjensen/flexicles/Haichao/ACCESS_benchmarks_2026/benchmarks/project.py", line 496, in Run_implementation
    TriArea = 4 * np.pi * R_vert_avg**2 / len(faces)
                          ^^^^^^^^^^
UnboundLocalError: cannot access local variable 'R_vert_avg' where it is not associated with a value
Traceback (most recent call last):
  File "/anvil/scratch/x-kjensen/flexicles/Haichao/ACCESS_benchmarks_2026/benchmarks/project.py", line 567, in <module>
    globals()[args.action](*jobs)
    ~~~~~~~~~~~~~~~~~~~~~~^^^^^^^
  File "/anvil/scratch/x-kjensen/flexicles/Haichao/ACCESS_benchmarks_2026/benchmarks/project.py", line 555, in Run
    Run_implementation(jobs[communicator.partition], communicator)
    ~~~~~~~~~~~~~~~~~~^^^^^^^^^^^^^^^^^^^^^^^^^^^^^^^^^^^^^^^^^^^^
  File "/anvil/scratch/x-kjensen/flexicles/Haichao/ACCESS_benchmarks_2026/benchmarks/project.py", line 496, in Run_implementation
    TriArea = 4 * np.pi * R_vert_avg**2 / len(faces)
                          ^^^^^^^^^^
UnboundLocalError: cannot access local variable 'R_vert_avg' where it is not associated with a value
Traceback (most recent call last):
Traceback (most recent call last):
Traceback (most recent call last):
Traceback (most recent call last):
Traceback (most recent call last):
Traceback (most recent call last):
Traceback (most recent call last):
  File "/anvil/scratch/x-kjensen/flexicles/Haichao/ACCESS_benchmarks_2026/benchmarks/project.py", line 567, in <module>
    globals()[args.action](*jobs)
    ~~~~~~~~~~~~~~~~~~~~~~^^^^^^^
  File "/anvil/scratch/x-kjensen/flexicles/Haichao/ACCESS_benchmarks_2026/benchmarks/project.py", line 555, in Run
    Run_implementation(jobs[communicator.partition], communicator)
    ~~~~~~~~~~~~~~~~~~^^^^^^^^^^^^^^^^^^^^^^^^^^^^^^^^^^^^^^^^^^^^
  File "/anvil/scratch/x-kjensen/flexicles/Haichao/ACCESS_benchmarks_2026/benchmarks/project.py", line 496, in Run_implementation
    TriArea = 4 * np.pi * R_vert_avg**2 / len(faces)
                          ^^^^^^^^^^
UnboundLocalError: cannot access local variable 'R_vert_avg' where it is not associated with a value
  File "/anvil/scratch/x-kjensen/flexicles/Haichao/ACCESS_benchmarks_2026/benchmarks/project.py", line 567, in <module>
    globals()[args.action](*jobs)
    ~~~~~~~~~~~~~~~~~~~~~~^^^^^^^
  File "/anvil/scratch/x-kjensen/flexicles/Haichao/ACCESS_benchmarks_2026/benchmarks/project.py", line 555, in Run
    Run_implementation(jobs[communicator.partition], communicator)
    ~~~~~~~~~~~~~~~~~~^^^^^^^^^^^^^^^^^^^^^^^^^^^^^^^^^^^^^^^^^^^^
  File "/anvil/scratch/x-kjensen/flexicles/Haichao/ACCESS_benchmarks_2026/benchmarks/project.py", line 496, in Run_implementation
    TriArea = 4 * np.pi * R_vert_avg**2 / len(faces)
                          ^^^^^^^^^^
UnboundLocalError: cannot access local variable 'R_vert_avg' where it is not associated with a value
Traceback (most recent call last):
Traceback (most recent call last):
Traceback (most recent call last):
  File "/anvil/scratch/x-kjensen/flexicles/Haichao/ACCESS_benchmarks_2026/benchmarks/project.py", line 567, in <module>
    globals()[args.action](*jobs)
    ~~~~~~~~~~~~~~~~~~~~~~^^^^^^^
  File "/anvil/scratch/x-kjensen/flexicles/Haichao/ACCESS_benchmarks_2026/benchmarks/project.py", line 555, in Run
    Run_implementation(jobs[communicator.partition], communicator)
    ~~~~~~~~~~~~~~~~~~^^^^^^^^^^^^^^^^^^^^^^^^^^^^^^^^^^^^^^^^^^^^
  File "/anvil/scratch/x-kjensen/flexicles/Haichao/ACCESS_benchmarks_2026/benchmarks/project.py", line 496, in Run_implementation
    TriArea = 4 * np.pi * R_vert_avg**2 / len(faces)
                          ^^^^^^^^^^
UnboundLocalError: cannot access local variable 'R_vert_avg' where it is not associated with a value
Traceback (most recent call last):
Traceback (most recent call last):
  File "/anvil/scratch/x-kjensen/flexicles/Haichao/ACCESS_benchmarks_2026/benchmarks/project.py", line 567, in <module>
    globals()[args.action](*jobs)
    ~~~~~~~~~~~~~~~~~~~~~~^^^^^^^
  File "/anvil/scratch/x-kjensen/flexicles/Haichao/ACCESS_benchmarks_2026/benchmarks/project.py", line 555, in Run
    Run_implementation(jobs[communicator.partition], communicator)
    ~~~~~~~~~~~~~~~~~~^^^^^^^^^^^^^^^^^^^^^^^^^^^^^^^^^^^^^^^^^^^^
  File "/anvil/scratch/x-kjensen/flexicles/Haichao/ACCESS_benchmarks_2026/benchmarks/project.py", line 496, in Run_implementation
    TriArea = 4 * np.pi * R_vert_avg**2 / len(faces)
                          ^^^^^^^^^^
UnboundLocalError: cannot access local variable 'R_vert_avg' where it is not associated with a value
Traceback (most recent call last):
  File "/anvil/scratch/x-kjensen/flexicles/Haichao/ACCESS_benchmarks_2026/benchmarks/project.py", line 567, in <module>
    globals()[args.action](*jobs)
    ~~~~~~~~~~~~~~~~~~~~~~^^^^^^^
  File "/anvil/scratch/x-kjensen/flexicles/Haichao/ACCESS_benchmarks_2026/benchmarks/project.py", line 555, in Run
    Run_implementation(jobs[communicator.partition], communicator)
    ~~~~~~~~~~~~~~~~~~^^^^^^^^^^^^^^^^^^^^^^^^^^^^^^^^^^^^^^^^^^^^
  File "/anvil/scratch/x-kjensen/flexicles/Haichao/ACCESS_benchmarks_2026/benchmarks/project.py", line 496, in Run_implementation
    TriArea = 4 * np.pi * R_vert_avg**2 / len(faces)
                          ^^^^^^^^^^
UnboundLocalError: cannot access local variable 'R_vert_avg' where it is not associated with a value
Traceback (most recent call last):
Traceback (most recent call last):
Traceback (most recent call last):
Traceback (most recent call last):
  File "/anvil/scratch/x-kjensen/flexicles/Haichao/ACCESS_benchmarks_2026/benchmarks/project.py", line 567, in <module>
    globals()[args.action](*jobs)
    ~~~~~~~~~~~~~~~~~~~~~~^^^^^^^
  File "/anvil/scratch/x-kjensen/flexicles/Haichao/ACCESS_benchmarks_2026/benchmarks/project.py", line 555, in Run
    Run_implementation(jobs[communicator.partition], communicator)
    ~~~~~~~~~~~~~~~~~~^^^^^^^^^^^^^^^^^^^^^^^^^^^^^^^^^^^^^^^^^^^^
  File "/anvil/scratch/x-kjensen/flexicles/Haichao/ACCESS_benchmarks_2026/benchmarks/project.py", line 496, in Run_implementation
    TriArea = 4 * np.pi * R_vert_avg**2 / len(faces)
                          ^^^^^^^^^^
UnboundLocalError: cannot access local variable 'R_vert_avg' where it is not associated with a value
  File "/anvil/scratch/x-kjensen/flexicles/Haichao/ACCESS_benchmarks_2026/benchmarks/project.py", line 567, in <module>
    globals()[args.action](*jobs)
    ~~~~~~~~~~~~~~~~~~~~~~^^^^^^^
  File "/anvil/scratch/x-kjensen/flexicles/Haichao/ACCESS_benchmarks_2026/benchmarks/project.py", line 555, in Run
    Run_implementation(jobs[communicator.partition], communicator)
    ~~~~~~~~~~~~~~~~~~^^^^^^^^^^^^^^^^^^^^^^^^^^^^^^^^^^^^^^^^^^^^
  File "/anvil/scratch/x-kjensen/flexicles/Haichao/ACCESS_benchmarks_2026/benchmarks/project.py", line 496, in Run_implementation
    TriArea = 4 * np.pi * R_vert_avg**2 / len(faces)
                          ^^^^^^^^^^
UnboundLocalError: cannot access local variable 'R_vert_avg' where it is not associated with a value
  File "/anvil/scratch/x-kjensen/flexicles/Haichao/ACCESS_benchmarks_2026/benchmarks/project.py", line 567, in <module>
    globals()[args.action](*jobs)
    ~~~~~~~~~~~~~~~~~~~~~~^^^^^^^
  File "/anvil/scratch/x-kjensen/flexicles/Haichao/ACCESS_benchmarks_2026/benchmarks/project.py", line 555, in Run
    Run_implementation(jobs[communicator.partition], communicator)
    ~~~~~~~~~~~~~~~~~~^^^^^^^^^^^^^^^^^^^^^^^^^^^^^^^^^^^^^^^^^^^^
  File "/anvil/scratch/x-kjensen/flexicles/Haichao/ACCESS_benchmarks_2026/benchmarks/project.py", line 496, in Run_implementation
    TriArea = 4 * np.pi * R_vert_avg**2 / len(faces)
                          ^^^^^^^^^^
UnboundLocalError: cannot access local variable 'R_vert_avg' where it is not associated with a value
  File "/anvil/scratch/x-kjensen/flexicles/Haichao/ACCESS_benchmarks_2026/benchmarks/project.py", line 567, in <module>
    globals()[args.action](*jobs)
    ~~~~~~~~~~~~~~~~~~~~~~^^^^^^^
  File "/anvil/scratch/x-kjensen/flexicles/Haichao/ACCESS_benchmarks_2026/benchmarks/project.py", line 555, in Run
    Run_implementation(jobs[communicator.partition], communicator)
    ~~~~~~~~~~~~~~~~~~^^^^^^^^^^^^^^^^^^^^^^^^^^^^^^^^^^^^^^^^^^^^
  File "/anvil/scratch/x-kjensen/flexicles/Haichao/ACCESS_benchmarks_2026/benchmarks/project.py", line 496, in Run_implementation
    TriArea = 4 * np.pi * R_vert_avg**2 / len(faces)
                          ^^^^^^^^^^
UnboundLocalError: cannot access local variable 'R_vert_avg' where it is not associated with a value
  File "/anvil/scratch/x-kjensen/flexicles/Haichao/ACCESS_benchmarks_2026/benchmarks/project.py", line 567, in <module>
    globals()[args.action](*jobs)
    ~~~~~~~~~~~~~~~~~~~~~~^^^^^^^
  File "/anvil/scratch/x-kjensen/flexicles/Haichao/ACCESS_benchmarks_2026/benchmarks/project.py", line 555, in Run
    Run_implementation(jobs[communicator.partition], communicator)
    ~~~~~~~~~~~~~~~~~~^^^^^^^^^^^^^^^^^^^^^^^^^^^^^^^^^^^^^^^^^^^^
  File "/anvil/scratch/x-kjensen/flexicles/Haichao/ACCESS_benchmarks_2026/benchmarks/project.py", line 496, in Run_implementation
    TriArea = 4 * np.pi * R_vert_avg**2 / len(faces)
                          ^^^^^^^^^^
UnboundLocalError: cannot access local variable 'R_vert_avg' where it is not associated with a value
Traceback (most recent call last):
  File "/anvil/scratch/x-kjensen/flexicles/Haichao/ACCESS_benchmarks_2026/benchmarks/project.py", line 567, in <module>
    globals()[args.action](*jobs)
    ~~~~~~~~~~~~~~~~~~~~~~^^^^^^^
  File "/anvil/scratch/x-kjensen/flexicles/Haichao/ACCESS_benchmarks_2026/benchmarks/project.py", line 555, in Run
    Run_implementation(jobs[communicator.partition], communicator)
    ~~~~~~~~~~~~~~~~~~^^^^^^^^^^^^^^^^^^^^^^^^^^^^^^^^^^^^^^^^^^^^
  File "/anvil/scratch/x-kjensen/flexicles/Haichao/ACCESS_benchmarks_2026/benchmarks/project.py", line 496, in Run_implementation
    TriArea = 4 * np.pi * R_vert_avg**2 / len(faces)
                          ^^^^^^^^^^
UnboundLocalError: cannot access local variable 'R_vert_avg' where it is not associated with a value
  File "/anvil/scratch/x-kjensen/flexicles/Haichao/ACCESS_benchmarks_2026/benchmarks/project.py", line 567, in <module>
    globals()[args.action](*jobs)
    ~~~~~~~~~~~~~~~~~~~~~~^^^^^^^
  File "/anvil/scratch/x-kjensen/flexicles/Haichao/ACCESS_benchmarks_2026/benchmarks/project.py", line 555, in Run
    Run_implementation(jobs[communicator.partition], communicator)
    ~~~~~~~~~~~~~~~~~~^^^^^^^^^^^^^^^^^^^^^^^^^^^^^^^^^^^^^^^^^^^^
  File "/anvil/scratch/x-kjensen/flexicles/Haichao/ACCESS_benchmarks_2026/benchmarks/project.py", line 496, in Run_implementation
    TriArea = 4 * np.pi * R_vert_avg**2 / len(faces)
                          ^^^^^^^^^^
Traceback (most recent call last):
Traceback (most recent call last):
Traceback (most recent call last):
  File "/anvil/scratch/x-kjensen/flexicles/Haichao/ACCESS_benchmarks_2026/benchmarks/project.py", line 567, in <module>
    globals()[args.action](*jobs)
    ~~~~~~~~~~~~~~~~~~~~~~^^^^^^^
  File "/anvil/scratch/x-kjensen/flexicles/Haichao/ACCESS_benchmarks_2026/benchmarks/project.py", line 555, in Run
    Run_implementation(jobs[communicator.partition], communicator)
    ~~~~~~~~~~~~~~~~~~^^^^^^^^^^^^^^^^^^^^^^^^^^^^^^^^^^^^^^^^^^^^
  File "/anvil/scratch/x-kjensen/flexicles/Haichao/ACCESS_benchmarks_2026/benchmarks/project.py", line 496, in Run_implementation
    TriArea = 4 * np.pi * R_vert_avg**2 / len(faces)
                          ^^^^^^^^^^
UnboundLocalError: cannot access local variable 'R_vert_avg' where it is not associated with a value
  File "/anvil/scratch/x-kjensen/flexicles/Haichao/ACCESS_benchmarks_2026/benchmarks/project.py", line 567, in <module>
    globals()[args.action](*jobs)
    ~~~~~~~~~~~~~~~~~~~~~~^^^^^^^
  File "/anvil/scratch/x-kjensen/flexicles/Haichao/ACCESS_benchmarks_2026/benchmarks/project.py", line 555, in Run
    Run_implementation(jobs[communicator.partition], communicator)
    ~~~~~~~~~~~~~~~~~~^^^^^^^^^^^^^^^^^^^^^^^^^^^^^^^^^^^^^^^^^^^^
  File "/anvil/scratch/x-kjensen/flexicles/Haichao/ACCESS_benchmarks_2026/benchmarks/project.py", line 496, in Run_implementation
    TriArea = 4 * np.pi * R_vert_avg**2 / len(faces)
                          ^^^^^^^^^^
UnboundLocalError: cannot access local variable 'R_vert_avg' where it is not associated with a value
Traceback (most recent call last):
Traceback (most recent call last):
  File "/anvil/scratch/x-kjensen/flexicles/Haichao/ACCESS_benchmarks_2026/benchmarks/project.py", line 567, in <module>
    globals()[args.action](*jobs)
    ~~~~~~~~~~~~~~~~~~~~~~^^^^^^^
  File "/anvil/scratch/x-kjensen/flexicles/Haichao/ACCESS_benchmarks_2026/benchmarks/project.py", line 555, in Run
    Run_implementation(jobs[communicator.partition], communicator)
    ~~~~~~~~~~~~~~~~~~^^^^^^^^^^^^^^^^^^^^^^^^^^^^^^^^^^^^^^^^^^^^
  File "/anvil/scratch/x-kjensen/flexicles/Haichao/ACCESS_benchmarks_2026/benchmarks/project.py", line 496, in Run_implementation
    TriArea = 4 * np.pi * R_vert_avg**2 / len(faces)
                          ^^^^^^^^^^
UnboundLocalError: cannot access local variable 'R_vert_avg' where it is not associated with a value
UnboundLocalError: cannot access local variable 'R_vert_avg' where it is not associated with a value
Traceback (most recent call last):
  File "/anvil/scratch/x-kjensen/flexicles/Haichao/ACCESS_benchmarks_2026/benchmarks/project.py", line 567, in <module>
    globals()[args.action](*jobs)
    ~~~~~~~~~~~~~~~~~~~~~~^^^^^^^
  File "/anvil/scratch/x-kjensen/flexicles/Haichao/ACCESS_benchmarks_2026/benchmarks/project.py", line 555, in Run
    Run_implementation(jobs[communicator.partition], communicator)
    ~~~~~~~~~~~~~~~~~~^^^^^^^^^^^^^^^^^^^^^^^^^^^^^^^^^^^^^^^^^^^^
  File "/anvil/scratch/x-kjensen/flexicles/Haichao/ACCESS_benchmarks_2026/benchmarks/project.py", line 496, in Run_implementation
    TriArea = 4 * np.pi * R_vert_avg**2 / len(faces)
                          ^^^^^^^^^^
UnboundLocalError: cannot access local variable 'R_vert_avg' where it is not associated with a value
Traceback (most recent call last):
  File "/anvil/scratch/x-kjensen/flexicles/Haichao/ACCESS_benchmarks_2026/benchmarks/project.py", line 567, in <module>
    globals()[args.action](*jobs)
    ~~~~~~~~~~~~~~~~~~~~~~^^^^^^^
  File "/anvil/scratch/x-kjensen/flexicles/Haichao/ACCESS_benchmarks_2026/benchmarks/project.py", line 555, in Run
    Run_implementation(jobs[communicator.partition], communicator)
    ~~~~~~~~~~~~~~~~~~^^^^^^^^^^^^^^^^^^^^^^^^^^^^^^^^^^^^^^^^^^^^
  File "/anvil/scratch/x-kjensen/flexicles/Haichao/ACCESS_benchmarks_2026/benchmarks/project.py", line 496, in Run_implementation
    TriArea = 4 * np.pi * R_vert_avg**2 / len(faces)
                          ^^^^^^^^^^
UnboundLocalError: cannot access local variable 'R_vert_avg' where it is not associated with a value
Traceback (most recent call last):
  File "/anvil/scratch/x-kjensen/flexicles/Haichao/ACCESS_benchmarks_2026/benchmarks/project.py", line 567, in <module>
    globals()[args.action](*jobs)
    ~~~~~~~~~~~~~~~~~~~~~~^^^^^^^
  File "/anvil/scratch/x-kjensen/flexicles/Haichao/ACCESS_benchmarks_2026/benchmarks/project.py", line 555, in Run
    Run_implementation(jobs[communicator.partition], communicator)
    ~~~~~~~~~~~~~~~~~~^^^^^^^^^^^^^^^^^^^^^^^^^^^^^^^^^^^^^^^^^^^^
  File "/anvil/scratch/x-kjensen/flexicles/Haichao/ACCESS_benchmarks_2026/benchmarks/project.py", line 496, in Run_implementation
    TriArea = 4 * np.pi * R_vert_avg**2 / len(faces)
                          ^^^^^^^^^^
UnboundLocalError: cannot access local variable 'R_vert_avg' where it is not associated with a value
Traceback (most recent call last):
Traceback (most recent call last):
Traceback (most recent call last):
  File "/anvil/scratch/x-kjensen/flexicles/Haichao/ACCESS_benchmarks_2026/benchmarks/project.py", line 567, in <module>
    globals()[args.action](*jobs)
    ~~~~~~~~~~~~~~~~~~~~~~^^^^^^^
  File "/anvil/scratch/x-kjensen/flexicles/Haichao/ACCESS_benchmarks_2026/benchmarks/project.py", line 555, in Run
    Run_implementation(jobs[communicator.partition], communicator)
    ~~~~~~~~~~~~~~~~~~^^^^^^^^^^^^^^^^^^^^^^^^^^^^^^^^^^^^^^^^^^^^
  File "/anvil/scratch/x-kjensen/flexicles/Haichao/ACCESS_benchmarks_2026/benchmarks/project.py", line 496, in Run_implementation
    TriArea = 4 * np.pi * R_vert_avg**2 / len(faces)
                          ^^^^^^^^^^
UnboundLocalError: cannot access local variable 'R_vert_avg' where it is not associated with a value
  File "/anvil/scratch/x-kjensen/flexicles/Haichao/ACCESS_benchmarks_2026/benchmarks/project.py", line 567, in <module>
    globals()[args.action](*jobs)
    ~~~~~~~~~~~~~~~~~~~~~~^^^^^^^
  File "/anvil/scratch/x-kjensen/flexicles/Haichao/ACCESS_benchmarks_2026/benchmarks/project.py", line 555, in Run
    Run_implementation(jobs[communicator.partition], communicator)
    ~~~~~~~~~~~~~~~~~~^^^^^^^^^^^^^^^^^^^^^^^^^^^^^^^^^^^^^^^^^^^^
  File "/anvil/scratch/x-kjensen/flexicles/Haichao/ACCESS_benchmarks_2026/benchmarks/project.py", line 496, in Run_implementation
    TriArea = 4 * np.pi * R_vert_avg**2 / len(faces)
                          ^^^^^^^^^^
UnboundLocalError: cannot access local variable 'R_vert_avg' where it is not associated with a value
Traceback (most recent call last):
Traceback (most recent call last):
  File "/anvil/scratch/x-kjensen/flexicles/Haichao/ACCESS_benchmarks_2026/benchmarks/project.py", line 567, in <module>
    globals()[args.action](*jobs)
    ~~~~~~~~~~~~~~~~~~~~~~^^^^^^^
  File "/anvil/scratch/x-kjensen/flexicles/Haichao/ACCESS_benchmarks_2026/benchmarks/project.py", line 555, in Run
    Run_implementation(jobs[communicator.partition], communicator)
    ~~~~~~~~~~~~~~~~~~^^^^^^^^^^^^^^^^^^^^^^^^^^^^^^^^^^^^^^^^^^^^
  File "/anvil/scratch/x-kjensen/flexicles/Haichao/ACCESS_benchmarks_2026/benchmarks/project.py", line 496, in Run_implementation
    TriArea = 4 * np.pi * R_vert_avg**2 / len(faces)
                          ^^^^^^^^^^
UnboundLocalError: cannot access local variable 'R_vert_avg' where it is not associated with a value
Traceback (most recent call last):
Traceback (most recent call last):
  File "/anvil/scratch/x-kjensen/flexicles/Haichao/ACCESS_benchmarks_2026/benchmarks/project.py", line 567, in <module>
    globals()[args.action](*jobs)
    ~~~~~~~~~~~~~~~~~~~~~~^^^^^^^
  File "/anvil/scratch/x-kjensen/flexicles/Haichao/ACCESS_benchmarks_2026/benchmarks/project.py", line 555, in Run
    Run_implementation(jobs[communicator.partition], communicator)
    ~~~~~~~~~~~~~~~~~~^^^^^^^^^^^^^^^^^^^^^^^^^^^^^^^^^^^^^^^^^^^^
  File "/anvil/scratch/x-kjensen/flexicles/Haichao/ACCESS_benchmarks_2026/benchmarks/project.py", line 496, in Run_implementation
    TriArea = 4 * np.pi * R_vert_avg**2 / len(faces)
                          ^^^^^^^^^^
UnboundLocalError: cannot access local variable 'R_vert_avg' where it is not associated with a value
  File "/anvil/scratch/x-kjensen/flexicles/Haichao/ACCESS_benchmarks_2026/benchmarks/project.py", line 567, in <module>
    globals()[args.action](*jobs)
    ~~~~~~~~~~~~~~~~~~~~~~^^^^^^^
  File "/anvil/scratch/x-kjensen/flexicles/Haichao/ACCESS_benchmarks_2026/benchmarks/project.py", line 555, in Run
    Run_implementation(jobs[communicator.partition], communicator)
    ~~~~~~~~~~~~~~~~~~^^^^^^^^^^^^^^^^^^^^^^^^^^^^^^^^^^^^^^^^^^^^
  File "/anvil/scratch/x-kjensen/flexicles/Haichao/ACCESS_benchmarks_2026/benchmarks/project.py", line 496, in Run_implementation
    TriArea = 4 * np.pi * R_vert_avg**2 / len(faces)
                          ^^^^^^^^^^
UnboundLocalError: cannot access local variable 'R_vert_avg' where it is not associated with a value
Traceback (most recent call last):
Traceback (most recent call last):
  File "/anvil/scratch/x-kjensen/flexicles/Haichao/ACCESS_benchmarks_2026/benchmarks/project.py", line 567, in <module>
    globals()[args.action](*jobs)
    ~~~~~~~~~~~~~~~~~~~~~~^^^^^^^
  File "/anvil/scratch/x-kjensen/flexicles/Haichao/ACCESS_benchmarks_2026/benchmarks/project.py", line 555, in Run
    Run_implementation(jobs[communicator.partition], communicator)
    ~~~~~~~~~~~~~~~~~~^^^^^^^^^^^^^^^^^^^^^^^^^^^^^^^^^^^^^^^^^^^^
  File "/anvil/scratch/x-kjensen/flexicles/Haichao/ACCESS_benchmarks_2026/benchmarks/project.py", line 496, in Run_implementation
    TriArea = 4 * np.pi * R_vert_avg**2 / len(faces)
                          ^^^^^^^^^^
UnboundLocalError: cannot access local variable 'R_vert_avg' where it is not associated with a value
Traceback (most recent call last):
Traceback (most recent call last):
  File "/anvil/scratch/x-kjensen/flexicles/Haichao/ACCESS_benchmarks_2026/benchmarks/project.py", line 567, in <module>
    globals()[args.action](*jobs)
    ~~~~~~~~~~~~~~~~~~~~~~^^^^^^^
  File "/anvil/scratch/x-kjensen/flexicles/Haichao/ACCESS_benchmarks_2026/benchmarks/project.py", line 555, in Run
    Run_implementation(jobs[communicator.partition], communicator)
    ~~~~~~~~~~~~~~~~~~^^^^^^^^^^^^^^^^^^^^^^^^^^^^^^^^^^^^^^^^^^^^
  File "/anvil/scratch/x-kjensen/flexicles/Haichao/ACCESS_benchmarks_2026/benchmarks/project.py", line 496, in Run_implementation
    TriArea = 4 * np.pi * R_vert_avg**2 / len(faces)
                          ^^^^^^^^^^
Traceback (most recent call last):
  File "/anvil/scratch/x-kjensen/flexicles/Haichao/ACCESS_benchmarks_2026/benchmarks/project.py", line 567, in <module>
    globals()[args.action](*jobs)
    ~~~~~~~~~~~~~~~~~~~~~~^^^^^^^
  File "/anvil/scratch/x-kjensen/flexicles/Haichao/ACCESS_benchmarks_2026/benchmarks/project.py", line 555, in Run
    Run_implementation(jobs[communicator.partition], communicator)
    ~~~~~~~~~~~~~~~~~~^^^^^^^^^^^^^^^^^^^^^^^^^^^^^^^^^^^^^^^^^^^^
  File "/anvil/scratch/x-kjensen/flexicles/Haichao/ACCESS_benchmarks_2026/benchmarks/project.py", line 496, in Run_implementation
    TriArea = 4 * np.pi * R_vert_avg**2 / len(faces)
                          ^^^^^^^^^^
UnboundLocalError: cannot access local variable 'R_vert_avg' where it is not associated with a value
  File "/anvil/scratch/x-kjensen/flexicles/Haichao/ACCESS_benchmarks_2026/benchmarks/project.py", line 567, in <module>
    globals()[args.action](*jobs)
    ~~~~~~~~~~~~~~~~~~~~~~^^^^^^^
  File "/anvil/scratch/x-kjensen/flexicles/Haichao/ACCESS_benchmarks_2026/benchmarks/project.py", line 555, in Run
    Run_implementation(jobs[communicator.partition], communicator)
    ~~~~~~~~~~~~~~~~~~^^^^^^^^^^^^^^^^^^^^^^^^^^^^^^^^^^^^^^^^^^^^
  File "/anvil/scratch/x-kjensen/flexicles/Haichao/ACCESS_benchmarks_2026/benchmarks/project.py", line 496, in Run_implementation
    TriArea = 4 * np.pi * R_vert_avg**2 / len(faces)
                          ^^^^^^^^^^
UnboundLocalError: cannot access local variable 'R_vert_avg' where it is not associated with a value
  File "/anvil/scratch/x-kjensen/flexicles/Haichao/ACCESS_benchmarks_2026/benchmarks/project.py", line 567, in <module>
    globals()[args.action](*jobs)
    ~~~~~~~~~~~~~~~~~~~~~~^^^^^^^
  File "/anvil/scratch/x-kjensen/flexicles/Haichao/ACCESS_benchmarks_2026/benchmarks/project.py", line 555, in Run
    Run_implementation(jobs[communicator.partition], communicator)
    ~~~~~~~~~~~~~~~~~~^^^^^^^^^^^^^^^^^^^^^^^^^^^^^^^^^^^^^^^^^^^^
  File "/anvil/scratch/x-kjensen/flexicles/Haichao/ACCESS_benchmarks_2026/benchmarks/project.py", line 496, in Run_implementation
    TriArea = 4 * np.pi * R_vert_avg**2 / len(faces)
                          ^^^^^^^^^^
UnboundLocalError: cannot access local variable 'R_vert_avg' where it is not associated with a value
  File "/anvil/scratch/x-kjensen/flexicles/Haichao/ACCESS_benchmarks_2026/benchmarks/project.py", line 567, in <module>
    globals()[args.action](*jobs)
    ~~~~~~~~~~~~~~~~~~~~~~^^^^^^^
  File "/anvil/scratch/x-kjensen/flexicles/Haichao/ACCESS_benchmarks_2026/benchmarks/project.py", line 555, in Run
    Run_implementation(jobs[communicator.partition], communicator)
    ~~~~~~~~~~~~~~~~~~^^^^^^^^^^^^^^^^^^^^^^^^^^^^^^^^^^^^^^^^^^^^
  File "/anvil/scratch/x-kjensen/flexicles/Haichao/ACCESS_benchmarks_2026/benchmarks/project.py", line 496, in Run_implementation
    TriArea = 4 * np.pi * R_vert_avg**2 / len(faces)
                          ^^^^^^^^^^
UnboundLocalError: cannot access local variable 'R_vert_avg' where it is not associated with a value
  File "/anvil/scratch/x-kjensen/flexicles/Haichao/ACCESS_benchmarks_2026/benchmarks/project.py", line 567, in <module>
    globals()[args.action](*jobs)
    ~~~~~~~~~~~~~~~~~~~~~~^^^^^^^
  File "/anvil/scratch/x-kjensen/flexicles/Haichao/ACCESS_benchmarks_2026/benchmarks/project.py", line 555, in Run
    Run_implementation(jobs[communicator.partition], communicator)
    ~~~~~~~~~~~~~~~~~~^^^^^^^^^^^^^^^^^^^^^^^^^^^^^^^^^^^^^^^^^^^^
  File "/anvil/scratch/x-kjensen/flexicles/Haichao/ACCESS_benchmarks_2026/benchmarks/project.py", line 496, in Run_implementation
    TriArea = 4 * np.pi * R_vert_avg**2 / len(faces)
                          ^^^^^^^^^^
UnboundLocalError: cannot access local variable 'R_vert_avg' where it is not associated with a value
  File "/anvil/scratch/x-kjensen/flexicles/Haichao/ACCESS_benchmarks_2026/benchmarks/project.py", line 567, in <module>
    globals()[args.action](*jobs)
    ~~~~~~~~~~~~~~~~~~~~~~^^^^^^^
  File "/anvil/scratch/x-kjensen/flexicles/Haichao/ACCESS_benchmarks_2026/benchmarks/project.py", line 555, in Run
    Run_implementation(jobs[communicator.partition], communicator)
    ~~~~~~~~~~~~~~~~~~^^^^^^^^^^^^^^^^^^^^^^^^^^^^^^^^^^^^^^^^^^^^
  File "/anvil/scratch/x-kjensen/flexicles/Haichao/ACCESS_benchmarks_2026/benchmarks/project.py", line 496, in Run_implementation
    TriArea = 4 * np.pi * R_vert_avg**2 / len(faces)
                          ^^^^^^^^^^
UnboundLocalError: cannot access local variable 'R_vert_avg' where it is not associated with a value
UnboundLocalError: cannot access local variable 'R_vert_avg' where it is not associated with a value
  File "/anvil/scratch/x-kjensen/flexicles/Haichao/ACCESS_benchmarks_2026/benchmarks/project.py", line 567, in <module>
    globals()[args.action](*jobs)
    ~~~~~~~~~~~~~~~~~~~~~~^^^^^^^
  File "/anvil/scratch/x-kjensen/flexicles/Haichao/ACCESS_benchmarks_2026/benchmarks/project.py", line 555, in Run
    Run_implementation(jobs[communicator.partition], communicator)
    ~~~~~~~~~~~~~~~~~~^^^^^^^^^^^^^^^^^^^^^^^^^^^^^^^^^^^^^^^^^^^^
  File "/anvil/scratch/x-kjensen/flexicles/Haichao/ACCESS_benchmarks_2026/benchmarks/project.py", line 496, in Run_implementation
    TriArea = 4 * np.pi * R_vert_avg**2 / len(faces)
                          ^^^^^^^^^^
UnboundLocalError: cannot access local variable 'R_vert_avg' where it is not associated with a value
  File "/anvil/scratch/x-kjensen/flexicles/Haichao/ACCESS_benchmarks_2026/benchmarks/project.py", line 567, in <module>
    globals()[args.action](*jobs)
    ~~~~~~~~~~~~~~~~~~~~~~^^^^^^^
  File "/anvil/scratch/x-kjensen/flexicles/Haichao/ACCESS_benchmarks_2026/benchmarks/project.py", line 555, in Run
    Run_implementation(jobs[communicator.partition], communicator)
    ~~~~~~~~~~~~~~~~~~^^^^^^^^^^^^^^^^^^^^^^^^^^^^^^^^^^^^^^^^^^^^
  File "/anvil/scratch/x-kjensen/flexicles/Haichao/ACCESS_benchmarks_2026/benchmarks/project.py", line 496, in Run_implementation
    TriArea = 4 * np.pi * R_vert_avg**2 / len(faces)
                          ^^^^^^^^^^
UnboundLocalError: cannot access local variable 'R_vert_avg' where it is not associated with a value
  File "/anvil/scratch/x-kjensen/flexicles/Haichao/ACCESS_benchmarks_2026/benchmarks/project.py", line 567, in <module>
    globals()[args.action](*jobs)
    ~~~~~~~~~~~~~~~~~~~~~~^^^^^^^
  File "/anvil/scratch/x-kjensen/flexicles/Haichao/ACCESS_benchmarks_2026/benchmarks/project.py", line 555, in Run
    Run_implementation(jobs[communicator.partition], communicator)
    ~~~~~~~~~~~~~~~~~~^^^^^^^^^^^^^^^^^^^^^^^^^^^^^^^^^^^^^^^^^^^^
  File "/anvil/scratch/x-kjensen/flexicles/Haichao/ACCESS_benchmarks_2026/benchmarks/project.py", line 496, in Run_implementation
    TriArea = 4 * np.pi * R_vert_avg**2 / len(faces)
                          ^^^^^^^^^^
UnboundLocalError: cannot access local variable 'R_vert_avg' where it is not associated with a value
  File "/anvil/scratch/x-kjensen/flexicles/Haichao/ACCESS_benchmarks_2026/benchmarks/project.py", line 567, in <module>
    globals()[args.action](*jobs)
    ~~~~~~~~~~~~~~~~~~~~~~^^^^^^^
  File "/anvil/scratch/x-kjensen/flexicles/Haichao/ACCESS_benchmarks_2026/benchmarks/project.py", line 555, in Run
    Run_implementation(jobs[communicator.partition], communicator)
    ~~~~~~~~~~~~~~~~~~^^^^^^^^^^^^^^^^^^^^^^^^^^^^^^^^^^^^^^^^^^^^
  File "/anvil/scratch/x-kjensen/flexicles/Haichao/ACCESS_benchmarks_2026/benchmarks/project.py", line 496, in Run_implementation
    TriArea = 4 * np.pi * R_vert_avg**2 / len(faces)
                          ^^^^^^^^^^
UnboundLocalError: cannot access local variable 'R_vert_avg' where it is not associated with a value
  File "/anvil/scratch/x-kjensen/flexicles/Haichao/ACCESS_benchmarks_2026/benchmarks/project.py", line 567, in <module>
    globals()[args.action](*jobs)
    ~~~~~~~~~~~~~~~~~~~~~~^^^^^^^
  File "/anvil/scratch/x-kjensen/flexicles/Haichao/ACCESS_benchmarks_2026/benchmarks/project.py", line 555, in Run
    Run_implementation(jobs[communicator.partition], communicator)
    ~~~~~~~~~~~~~~~~~~^^^^^^^^^^^^^^^^^^^^^^^^^^^^^^^^^^^^^^^^^^^^
  File "/anvil/scratch/x-kjensen/flexicles/Haichao/ACCESS_benchmarks_2026/benchmarks/project.py", line 496, in Run_implementation
    TriArea = 4 * np.pi * R_vert_avg**2 / len(faces)
                          ^^^^^^^^^^
UnboundLocalError: cannot access local variable 'R_vert_avg' where it is not associated with a value
  File "/anvil/scratch/x-kjensen/flexicles/Haichao/ACCESS_benchmarks_2026/benchmarks/project.py", line 567, in <module>
    globals()[args.action](*jobs)
    ~~~~~~~~~~~~~~~~~~~~~~^^^^^^^
  File "/anvil/scratch/x-kjensen/flexicles/Haichao/ACCESS_benchmarks_2026/benchmarks/project.py", line 555, in Run
    Run_implementation(jobs[communicator.partition], communicator)
    ~~~~~~~~~~~~~~~~~~^^^^^^^^^^^^^^^^^^^^^^^^^^^^^^^^^^^^^^^^^^^^
  File "/anvil/scratch/x-kjensen/flexicles/Haichao/ACCESS_benchmarks_2026/benchmarks/project.py", line 496, in Run_implementation
    TriArea = 4 * np.pi * R_vert_avg**2 / len(faces)
                          ^^^^^^^^^^
UnboundLocalError: cannot access local variable 'R_vert_avg' where it is not associated with a value
  File "/anvil/scratch/x-kjensen/flexicles/Haichao/ACCESS_benchmarks_2026/benchmarks/project.py", line 567, in <module>
    globals()[args.action](*jobs)
    ~~~~~~~~~~~~~~~~~~~~~~^^^^^^^
  File "/anvil/scratch/x-kjensen/flexicles/Haichao/ACCESS_benchmarks_2026/benchmarks/project.py", line 555, in Run
    Run_implementation(jobs[communicator.partition], communicator)
    ~~~~~~~~~~~~~~~~~~^^^^^^^^^^^^^^^^^^^^^^^^^^^^^^^^^^^^^^^^^^^^
  File "/anvil/scratch/x-kjensen/flexicles/Haichao/ACCESS_benchmarks_2026/benchmarks/project.py", line 496, in Run_implementation
    TriArea = 4 * np.pi * R_vert_avg**2 / len(faces)
                          ^^^^^^^^^^
UnboundLocalError: cannot access local variable 'R_vert_avg' where it is not associated with a value
  File "/anvil/scratch/x-kjensen/flexicles/Haichao/ACCESS_benchmarks_2026/benchmarks/project.py", line 567, in <module>
    globals()[args.action](*jobs)
    ~~~~~~~~~~~~~~~~~~~~~~^^^^^^^
  File "/anvil/scratch/x-kjensen/flexicles/Haichao/ACCESS_benchmarks_2026/benchmarks/project.py", line 555, in Run
    Run_implementation(jobs[communicator.partition], communicator)
    ~~~~~~~~~~~~~~~~~~^^^^^^^^^^^^^^^^^^^^^^^^^^^^^^^^^^^^^^^^^^^^
  File "/anvil/scratch/x-kjensen/flexicles/Haichao/ACCESS_benchmarks_2026/benchmarks/project.py", line 496, in Run_implementation
    TriArea = 4 * np.pi * R_vert_avg**2 / len(faces)
                          ^^^^^^^^^^
UnboundLocalError: cannot access local variable 'R_vert_avg' where it is not associated with a value
  File "/anvil/scratch/x-kjensen/flexicles/Haichao/ACCESS_benchmarks_2026/benchmarks/project.py", line 567, in <module>
    globals()[args.action](*jobs)
    ~~~~~~~~~~~~~~~~~~~~~~^^^^^^^
  File "/anvil/scratch/x-kjensen/flexicles/Haichao/ACCESS_benchmarks_2026/benchmarks/project.py", line 555, in Run
    Run_implementation(jobs[communicator.partition], communicator)
    ~~~~~~~~~~~~~~~~~~^^^^^^^^^^^^^^^^^^^^^^^^^^^^^^^^^^^^^^^^^^^^
  File "/anvil/scratch/x-kjensen/flexicles/Haichao/ACCESS_benchmarks_2026/benchmarks/project.py", line 496, in Run_implementation
    TriArea = 4 * np.pi * R_vert_avg**2 / len(faces)
                          ^^^^^^^^^^
UnboundLocalError: cannot access local variable 'R_vert_avg' where it is not associated with a value
  File "/anvil/scratch/x-kjensen/flexicles/Haichao/ACCESS_benchmarks_2026/benchmarks/project.py", line 567, in <module>
    globals()[args.action](*jobs)
    ~~~~~~~~~~~~~~~~~~~~~~^^^^^^^
  File "/anvil/scratch/x-kjensen/flexicles/Haichao/ACCESS_benchmarks_2026/benchmarks/project.py", line 555, in Run
    Run_implementation(jobs[communicator.partition], communicator)
    ~~~~~~~~~~~~~~~~~~^^^^^^^^^^^^^^^^^^^^^^^^^^^^^^^^^^^^^^^^^^^^
  File "/anvil/scratch/x-kjensen/flexicles/Haichao/ACCESS_benchmarks_2026/benchmarks/project.py", line 496, in Run_implementation
    TriArea = 4 * np.pi * R_vert_avg**2 / len(faces)
                          ^^^^^^^^^^
UnboundLocalError: cannot access local variable 'R_vert_avg' where it is not associated with a value
  File "/anvil/scratch/x-kjensen/flexicles/Haichao/ACCESS_benchmarks_2026/benchmarks/project.py", line 567, in <module>
    globals()[args.action](*jobs)
    ~~~~~~~~~~~~~~~~~~~~~~^^^^^^^
  File "/anvil/scratch/x-kjensen/flexicles/Haichao/ACCESS_benchmarks_2026/benchmarks/project.py", line 555, in Run
    Run_implementation(jobs[communicator.partition], communicator)
    ~~~~~~~~~~~~~~~~~~^^^^^^^^^^^^^^^^^^^^^^^^^^^^^^^^^^^^^^^^^^^^
  File "/anvil/scratch/x-kjensen/flexicles/Haichao/ACCESS_benchmarks_2026/benchmarks/project.py", line 496, in Run_implementation
    TriArea = 4 * np.pi * R_vert_avg**2 / len(faces)
                          ^^^^^^^^^^
UnboundLocalError: cannot access local variable 'R_vert_avg' where it is not associated with a value
  File "/anvil/scratch/x-kjensen/flexicles/Haichao/ACCESS_benchmarks_2026/benchmarks/project.py", line 567, in <module>
    globals()[args.action](*jobs)
    ~~~~~~~~~~~~~~~~~~~~~~^^^^^^^
  File "/anvil/scratch/x-kjensen/flexicles/Haichao/ACCESS_benchmarks_2026/benchmarks/project.py", line 555, in Run
    Run_implementation(jobs[communicator.partition], communicator)
    ~~~~~~~~~~~~~~~~~~^^^^^^^^^^^^^^^^^^^^^^^^^^^^^^^^^^^^^^^^^^^^
  File "/anvil/scratch/x-kjensen/flexicles/Haichao/ACCESS_benchmarks_2026/benchmarks/project.py", line 496, in Run_implementation
    TriArea = 4 * np.pi * R_vert_avg**2 / len(faces)
                          ^^^^^^^^^^
UnboundLocalError: cannot access local variable 'R_vert_avg' where it is not associated with a value
  File "/anvil/scratch/x-kjensen/flexicles/Haichao/ACCESS_benchmarks_2026/benchmarks/project.py", line 567, in <module>
    globals()[args.action](*jobs)
    ~~~~~~~~~~~~~~~~~~~~~~^^^^^^^
  File "/anvil/scratch/x-kjensen/flexicles/Haichao/ACCESS_benchmarks_2026/benchmarks/project.py", line 555, in Run
    Run_implementation(jobs[communicator.partition], communicator)
    ~~~~~~~~~~~~~~~~~~^^^^^^^^^^^^^^^^^^^^^^^^^^^^^^^^^^^^^^^^^^^^
  File "/anvil/scratch/x-kjensen/flexicles/Haichao/ACCESS_benchmarks_2026/benchmarks/project.py", line 496, in Run_implementation
    TriArea = 4 * np.pi * R_vert_avg**2 / len(faces)
                          ^^^^^^^^^^
UnboundLocalError: cannot access local variable 'R_vert_avg' where it is not associated with a value
Traceback (most recent call last):
  File "/anvil/scratch/x-kjensen/flexicles/Haichao/ACCESS_benchmarks_2026/benchmarks/project.py", line 567, in <module>
    globals()[args.action](*jobs)
    ~~~~~~~~~~~~~~~~~~~~~~^^^^^^^
  File "/anvil/scratch/x-kjensen/flexicles/Haichao/ACCESS_benchmarks_2026/benchmarks/project.py", line 555, in Run
    Run_implementation(jobs[communicator.partition], communicator)
    ~~~~~~~~~~~~~~~~~~^^^^^^^^^^^^^^^^^^^^^^^^^^^^^^^^^^^^^^^^^^^^
  File "/anvil/scratch/x-kjensen/flexicles/Haichao/ACCESS_benchmarks_2026/benchmarks/project.py", line 496, in Run_implementation
    TriArea = 4 * np.pi * R_vert_avg**2 / len(faces)
                          ^^^^^^^^^^
UnboundLocalError: cannot access local variable 'R_vert_avg' where it is not associated with a value
--------------------------------------------------------------------------
MPI_ABORT was invoked on rank 9 in communicator MPI_COMM_WORLD
with errorcode 1.

NOTE: invoking MPI_ABORT causes Open MPI to kill all MPI processes.
You may or may not see output from other processes, depending on
exactly when Open MPI kills them.
--------------------------------------------------------------------------
--------------------------------------------------------------------------
MPI_ABORT was invoked on rank 15 in communicator MPI_COMM_WORLD
with errorcode 1.

NOTE: invoking MPI_ABORT causes Open MPI to kill all MPI processes.
You may or may not see output from other processes, depending on
exactly when Open MPI kills them.
--------------------------------------------------------------------------
--------------------------------------------------------------------------
MPI_ABORT was invoked on rank 19 in communicator MPI_COMM_WORLD
with errorcode 1.

NOTE: invoking MPI_ABORT causes Open MPI to kill all MPI processes.
You may or may not see output from other processes, depending on
exactly when Open MPI kills them.
--------------------------------------------------------------------------
--------------------------------------------------------------------------
MPI_ABORT was invoked on rank 34 in communicator MPI_COMM_WORLD
with errorcode 1.

NOTE: invoking MPI_ABORT causes Open MPI to kill all MPI processes.
You may or may not see output from other processes, depending on
exactly when Open MPI kills them.
--------------------------------------------------------------------------
--------------------------------------------------------------------------
MPI_ABORT was invoked on rank 44 in communicator MPI_COMM_WORLD
with errorcode 1.

NOTE: invoking MPI_ABORT causes Open MPI to kill all MPI processes.
You may or may not see output from other processes, depending on
exactly when Open MPI kills them.
--------------------------------------------------------------------------
--------------------------------------------------------------------------
MPI_ABORT was invoked on rank 60 in communicator MPI_COMM_WORLD
with errorcode 1.

NOTE: invoking MPI_ABORT causes Open MPI to kill all MPI processes.
You may or may not see output from other processes, depending on
exactly when Open MPI kills them.
--------------------------------------------------------------------------
--------------------------------------------------------------------------
MPI_ABORT was invoked on rank 63 in communicator MPI_COMM_WORLD
with errorcode 1.

NOTE: invoking MPI_ABORT causes Open MPI to kill all MPI processes.
You may or may not see output from other processes, depending on
exactly when Open MPI kills them.
--------------------------------------------------------------------------
--------------------------------------------------------------------------
MPI_ABORT was invoked on rank 1 in communicator MPI_COMM_WORLD
with errorcode 1.

NOTE: invoking MPI_ABORT causes Open MPI to kill all MPI processes.
You may or may not see output from other processes, depending on
exactly when Open MPI kills them.
--------------------------------------------------------------------------
--------------------------------------------------------------------------
MPI_ABORT was invoked on rank 2 in communicator MPI_COMM_WORLD
with errorcode 1.

NOTE: invoking MPI_ABORT causes Open MPI to kill all MPI processes.
You may or may not see output from other processes, depending on
exactly when Open MPI kills them.
--------------------------------------------------------------------------
--------------------------------------------------------------------------
MPI_ABORT was invoked on rank 3 in communicator MPI_COMM_WORLD
with errorcode 1.

NOTE: invoking MPI_ABORT causes Open MPI to kill all MPI processes.
You may or may not see output from other processes, depending on
exactly when Open MPI kills them.
--------------------------------------------------------------------------
--------------------------------------------------------------------------
MPI_ABORT was invoked on rank 4 in communicator MPI_COMM_WORLD
with errorcode 1.

NOTE: invoking MPI_ABORT causes Open MPI to kill all MPI processes.
You may or may not see output from other processes, depending on
exactly when Open MPI kills them.
--------------------------------------------------------------------------
--------------------------------------------------------------------------
MPI_ABORT was invoked on rank 5 in communicator MPI_COMM_WORLD
with errorcode 1.

NOTE: invoking MPI_ABORT causes Open MPI to kill all MPI processes.
You may or may not see output from other processes, depending on
exactly when Open MPI kills them.
--------------------------------------------------------------------------
--------------------------------------------------------------------------
MPI_ABORT was invoked on rank 6 in communicator MPI_COMM_WORLD
with errorcode 1.

NOTE: invoking MPI_ABORT causes Open MPI to kill all MPI processes.
You may or may not see output from other processes, depending on
exactly when Open MPI kills them.
--------------------------------------------------------------------------
--------------------------------------------------------------------------
MPI_ABORT was invoked on rank 7 in communicator MPI_COMM_WORLD
with errorcode 1.

NOTE: invoking MPI_ABORT causes Open MPI to kill all MPI processes.
You may or may not see output from other processes, depending on
exactly when Open MPI kills them.
--------------------------------------------------------------------------
--------------------------------------------------------------------------
MPI_ABORT was invoked on rank 8 in communicator MPI_COMM_WORLD
with errorcode 1.

NOTE: invoking MPI_ABORT causes Open MPI to kill all MPI processes.
You may or may not see output from other processes, depending on
exactly when Open MPI kills them.
--------------------------------------------------------------------------
--------------------------------------------------------------------------
MPI_ABORT was invoked on rank 10 in communicator MPI_COMM_WORLD
with errorcode 1.

NOTE: invoking MPI_ABORT causes Open MPI to kill all MPI processes.
You may or may not see output from other processes, depending on
exactly when Open MPI kills them.
--------------------------------------------------------------------------
--------------------------------------------------------------------------
MPI_ABORT was invoked on rank 11 in communicator MPI_COMM_WORLD
with errorcode 1.

NOTE: invoking MPI_ABORT causes Open MPI to kill all MPI processes.
You may or may not see output from other processes, depending on
exactly when Open MPI kills them.
--------------------------------------------------------------------------
--------------------------------------------------------------------------
MPI_ABORT was invoked on rank 12 in communicator MPI_COMM_WORLD
with errorcode 1.

NOTE: invoking MPI_ABORT causes Open MPI to kill all MPI processes.
You may or may not see output from other processes, depending on
exactly when Open MPI kills them.
--------------------------------------------------------------------------
--------------------------------------------------------------------------
MPI_ABORT was invoked on rank 13 in communicator MPI_COMM_WORLD
with errorcode 1.

NOTE: invoking MPI_ABORT causes Open MPI to kill all MPI processes.
You may or may not see output from other processes, depending on
exactly when Open MPI kills them.
--------------------------------------------------------------------------
--------------------------------------------------------------------------
MPI_ABORT was invoked on rank 14 in communicator MPI_COMM_WORLD
with errorcode 1.

NOTE: invoking MPI_ABORT causes Open MPI to kill all MPI processes.
You may or may not see output from other processes, depending on
exactly when Open MPI kills them.
--------------------------------------------------------------------------
--------------------------------------------------------------------------
MPI_ABORT was invoked on rank 16 in communicator MPI_COMM_WORLD
with errorcode 1.

NOTE: invoking MPI_ABORT causes Open MPI to kill all MPI processes.
You may or may not see output from other processes, depending on
exactly when Open MPI kills them.
--------------------------------------------------------------------------
--------------------------------------------------------------------------
MPI_ABORT was invoked on rank 17 in communicator MPI_COMM_WORLD
with errorcode 1.

NOTE: invoking MPI_ABORT causes Open MPI to kill all MPI processes.
You may or may not see output from other processes, depending on
exactly when Open MPI kills them.
--------------------------------------------------------------------------
--------------------------------------------------------------------------
MPI_ABORT was invoked on rank 20 in communicator MPI_COMM_WORLD
with errorcode 1.

NOTE: invoking MPI_ABORT causes Open MPI to kill all MPI processes.
You may or may not see output from other processes, depending on
exactly when Open MPI kills them.
--------------------------------------------------------------------------
--------------------------------------------------------------------------
MPI_ABORT was invoked on rank 21 in communicator MPI_COMM_WORLD
with errorcode 1.

NOTE: invoking MPI_ABORT causes Open MPI to kill all MPI processes.
You may or may not see output from other processes, depending on
exactly when Open MPI kills them.
--------------------------------------------------------------------------
--------------------------------------------------------------------------
MPI_ABORT was invoked on rank 22 in communicator MPI_COMM_WORLD
with errorcode 1.

NOTE: invoking MPI_ABORT causes Open MPI to kill all MPI processes.
You may or may not see output from other processes, depending on
exactly when Open MPI kills them.
--------------------------------------------------------------------------
--------------------------------------------------------------------------
MPI_ABORT was invoked on rank 23 in communicator MPI_COMM_WORLD
with errorcode 1.

NOTE: invoking MPI_ABORT causes Open MPI to kill all MPI processes.
You may or may not see output from other processes, depending on
exactly when Open MPI kills them.
--------------------------------------------------------------------------
--------------------------------------------------------------------------
MPI_ABORT was invoked on rank 24 in communicator MPI_COMM_WORLD
with errorcode 1.

NOTE: invoking MPI_ABORT causes Open MPI to kill all MPI processes.
You may or may not see output from other processes, depending on
exactly when Open MPI kills them.
--------------------------------------------------------------------------
--------------------------------------------------------------------------
MPI_ABORT was invoked on rank 25 in communicator MPI_COMM_WORLD
with errorcode 1.

NOTE: invoking MPI_ABORT causes Open MPI to kill all MPI processes.
You may or may not see output from other processes, depending on
exactly when Open MPI kills them.
--------------------------------------------------------------------------
--------------------------------------------------------------------------
MPI_ABORT was invoked on rank 26 in communicator MPI_COMM_WORLD
with errorcode 1.

NOTE: invoking MPI_ABORT causes Open MPI to kill all MPI processes.
You may or may not see output from other processes, depending on
exactly when Open MPI kills them.
--------------------------------------------------------------------------
--------------------------------------------------------------------------
MPI_ABORT was invoked on rank 27 in communicator MPI_COMM_WORLD
with errorcode 1.

NOTE: invoking MPI_ABORT causes Open MPI to kill all MPI processes.
You may or may not see output from other processes, depending on
exactly when Open MPI kills them.
--------------------------------------------------------------------------
--------------------------------------------------------------------------
MPI_ABORT was invoked on rank 28 in communicator MPI_COMM_WORLD
with errorcode 1.

NOTE: invoking MPI_ABORT causes Open MPI to kill all MPI processes.
You may or may not see output from other processes, depending on
exactly when Open MPI kills them.
--------------------------------------------------------------------------
--------------------------------------------------------------------------
MPI_ABORT was invoked on rank 29 in communicator MPI_COMM_WORLD
with errorcode 1.

NOTE: invoking MPI_ABORT causes Open MPI to kill all MPI processes.
You may or may not see output from other processes, depending on
exactly when Open MPI kills them.
--------------------------------------------------------------------------
--------------------------------------------------------------------------
MPI_ABORT was invoked on rank 30 in communicator MPI_COMM_WORLD
with errorcode 1.

NOTE: invoking MPI_ABORT causes Open MPI to kill all MPI processes.
You may or may not see output from other processes, depending on
exactly when Open MPI kills them.
--------------------------------------------------------------------------
--------------------------------------------------------------------------
MPI_ABORT was invoked on rank 31 in communicator MPI_COMM_WORLD
with errorcode 1.

NOTE: invoking MPI_ABORT causes Open MPI to kill all MPI processes.
You may or may not see output from other processes, depending on
exactly when Open MPI kills them.
--------------------------------------------------------------------------
--------------------------------------------------------------------------
MPI_ABORT was invoked on rank 32 in communicator MPI_COMM_WORLD
with errorcode 1.

NOTE: invoking MPI_ABORT causes Open MPI to kill all MPI processes.
You may or may not see output from other processes, depending on
exactly when Open MPI kills them.
--------------------------------------------------------------------------
--------------------------------------------------------------------------
MPI_ABORT was invoked on rank 33 in communicator MPI_COMM_WORLD
with errorcode 1.

NOTE: invoking MPI_ABORT causes Open MPI to kill all MPI processes.
You may or may not see output from other processes, depending on
exactly when Open MPI kills them.
--------------------------------------------------------------------------
--------------------------------------------------------------------------
MPI_ABORT was invoked on rank 35 in communicator MPI_COMM_WORLD
with errorcode 1.

NOTE: invoking MPI_ABORT causes Open MPI to kill all MPI processes.
You may or may not see output from other processes, depending on
exactly when Open MPI kills them.
--------------------------------------------------------------------------
--------------------------------------------------------------------------
MPI_ABORT was invoked on rank 36 in communicator MPI_COMM_WORLD
with errorcode 1.

NOTE: invoking MPI_ABORT causes Open MPI to kill all MPI processes.
You may or may not see output from other processes, depending on
exactly when Open MPI kills them.
--------------------------------------------------------------------------
--------------------------------------------------------------------------
MPI_ABORT was invoked on rank 37 in communicator MPI_COMM_WORLD
with errorcode 1.

NOTE: invoking MPI_ABORT causes Open MPI to kill all MPI processes.
You may or may not see output from other processes, depending on
exactly when Open MPI kills them.
--------------------------------------------------------------------------
--------------------------------------------------------------------------
MPI_ABORT was invoked on rank 38 in communicator MPI_COMM_WORLD
with errorcode 1.

NOTE: invoking MPI_ABORT causes Open MPI to kill all MPI processes.
You may or may not see output from other processes, depending on
exactly when Open MPI kills them.
--------------------------------------------------------------------------
--------------------------------------------------------------------------
MPI_ABORT was invoked on rank 39 in communicator MPI_COMM_WORLD
with errorcode 1.

NOTE: invoking MPI_ABORT causes Open MPI to kill all MPI processes.
You may or may not see output from other processes, depending on
exactly when Open MPI kills them.
--------------------------------------------------------------------------
--------------------------------------------------------------------------
MPI_ABORT was invoked on rank 40 in communicator MPI_COMM_WORLD
with errorcode 1.

NOTE: invoking MPI_ABORT causes Open MPI to kill all MPI processes.
You may or may not see output from other processes, depending on
exactly when Open MPI kills them.
--------------------------------------------------------------------------
--------------------------------------------------------------------------
MPI_ABORT was invoked on rank 41 in communicator MPI_COMM_WORLD
with errorcode 1.

NOTE: invoking MPI_ABORT causes Open MPI to kill all MPI processes.
You may or may not see output from other processes, depending on
exactly when Open MPI kills them.
--------------------------------------------------------------------------
--------------------------------------------------------------------------
MPI_ABORT was invoked on rank 42 in communicator MPI_COMM_WORLD
with errorcode 1.

NOTE: invoking MPI_ABORT causes Open MPI to kill all MPI processes.
You may or may not see output from other processes, depending on
exactly when Open MPI kills them.
--------------------------------------------------------------------------
--------------------------------------------------------------------------
MPI_ABORT was invoked on rank 43 in communicator MPI_COMM_WORLD
with errorcode 1.

NOTE: invoking MPI_ABORT causes Open MPI to kill all MPI processes.
You may or may not see output from other processes, depending on
exactly when Open MPI kills them.
--------------------------------------------------------------------------
--------------------------------------------------------------------------
MPI_ABORT was invoked on rank 45 in communicator MPI_COMM_WORLD
with errorcode 1.

NOTE: invoking MPI_ABORT causes Open MPI to kill all MPI processes.
You may or may not see output from other processes, depending on
exactly when Open MPI kills them.
--------------------------------------------------------------------------
--------------------------------------------------------------------------
MPI_ABORT was invoked on rank 46 in communicator MPI_COMM_WORLD
with errorcode 1.

NOTE: invoking MPI_ABORT causes Open MPI to kill all MPI processes.
You may or may not see output from other processes, depending on
exactly when Open MPI kills them.
--------------------------------------------------------------------------
--------------------------------------------------------------------------
MPI_ABORT was invoked on rank 47 in communicator MPI_COMM_WORLD
with errorcode 1.

NOTE: invoking MPI_ABORT causes Open MPI to kill all MPI processes.
You may or may not see output from other processes, depending on
exactly when Open MPI kills them.
--------------------------------------------------------------------------
--------------------------------------------------------------------------
MPI_ABORT was invoked on rank 48 in communicator MPI_COMM_WORLD
with errorcode 1.

NOTE: invoking MPI_ABORT causes Open MPI to kill all MPI processes.
You may or may not see output from other processes, depending on
exactly when Open MPI kills them.
--------------------------------------------------------------------------
--------------------------------------------------------------------------
MPI_ABORT was invoked on rank 49 in communicator MPI_COMM_WORLD
with errorcode 1.

NOTE: invoking MPI_ABORT causes Open MPI to kill all MPI processes.
You may or may not see output from other processes, depending on
exactly when Open MPI kills them.
--------------------------------------------------------------------------
--------------------------------------------------------------------------
MPI_ABORT was invoked on rank 50 in communicator MPI_COMM_WORLD
with errorcode 1.

NOTE: invoking MPI_ABORT causes Open MPI to kill all MPI processes.
You may or may not see output from other processes, depending on
exactly when Open MPI kills them.
--------------------------------------------------------------------------
--------------------------------------------------------------------------
MPI_ABORT was invoked on rank 51 in communicator MPI_COMM_WORLD
with errorcode 1.

NOTE: invoking MPI_ABORT causes Open MPI to kill all MPI processes.
You may or may not see output from other processes, depending on
exactly when Open MPI kills them.
--------------------------------------------------------------------------
--------------------------------------------------------------------------
MPI_ABORT was invoked on rank 52 in communicator MPI_COMM_WORLD
with errorcode 1.

NOTE: invoking MPI_ABORT causes Open MPI to kill all MPI processes.
You may or may not see output from other processes, depending on
exactly when Open MPI kills them.
--------------------------------------------------------------------------
--------------------------------------------------------------------------
MPI_ABORT was invoked on rank 53 in communicator MPI_COMM_WORLD
with errorcode 1.

NOTE: invoking MPI_ABORT causes Open MPI to kill all MPI processes.
You may or may not see output from other processes, depending on
exactly when Open MPI kills them.
--------------------------------------------------------------------------
--------------------------------------------------------------------------
MPI_ABORT was invoked on rank 54 in communicator MPI_COMM_WORLD
with errorcode 1.

NOTE: invoking MPI_ABORT causes Open MPI to kill all MPI processes.
You may or may not see output from other processes, depending on
exactly when Open MPI kills them.
--------------------------------------------------------------------------
--------------------------------------------------------------------------
MPI_ABORT was invoked on rank 55 in communicator MPI_COMM_WORLD
with errorcode 1.

NOTE: invoking MPI_ABORT causes Open MPI to kill all MPI processes.
You may or may not see output from other processes, depending on
exactly when Open MPI kills them.
--------------------------------------------------------------------------
--------------------------------------------------------------------------
MPI_ABORT was invoked on rank 56 in communicator MPI_COMM_WORLD
with errorcode 1.

NOTE: invoking MPI_ABORT causes Open MPI to kill all MPI processes.
You may or may not see output from other processes, depending on
exactly when Open MPI kills them.
--------------------------------------------------------------------------
--------------------------------------------------------------------------
MPI_ABORT was invoked on rank 57 in communicator MPI_COMM_WORLD
with errorcode 1.

NOTE: invoking MPI_ABORT causes Open MPI to kill all MPI processes.
You may or may not see output from other processes, depending on
exactly when Open MPI kills them.
--------------------------------------------------------------------------
--------------------------------------------------------------------------
MPI_ABORT was invoked on rank 58 in communicator MPI_COMM_WORLD
with errorcode 1.

NOTE: invoking MPI_ABORT causes Open MPI to kill all MPI processes.
You may or may not see output from other processes, depending on
exactly when Open MPI kills them.
--------------------------------------------------------------------------
--------------------------------------------------------------------------
MPI_ABORT was invoked on rank 59 in communicator MPI_COMM_WORLD
with errorcode 1.

NOTE: invoking MPI_ABORT causes Open MPI to kill all MPI processes.
You may or may not see output from other processes, depending on
exactly when Open MPI kills them.
--------------------------------------------------------------------------
--------------------------------------------------------------------------
MPI_ABORT was invoked on rank 61 in communicator MPI_COMM_WORLD
with errorcode 1.

NOTE: invoking MPI_ABORT causes Open MPI to kill all MPI processes.
You may or may not see output from other processes, depending on
exactly when Open MPI kills them.
--------------------------------------------------------------------------
--------------------------------------------------------------------------
MPI_ABORT was invoked on rank 18 in communicator MPI_COMM_WORLD
with errorcode 1.

NOTE: invoking MPI_ABORT causes Open MPI to kill all MPI processes.
You may or may not see output from other processes, depending on
exactly when Open MPI kills them.
--------------------------------------------------------------------------
[2026-01-26T22:52:51.142] error: *** STEP 14977490.0 ON a006 CANCELLED AT 2026-01-26T22:52:51 DUE to SIGNAL Killed ***
--------------------------------------------------------------------------
MPI_ABORT was invoked on rank 62 in communicator MPI_COMM_WORLD
with errorcode 1.

NOTE: invoking MPI_ABORT causes Open MPI to kill all MPI processes.
You may or may not see output from other processes, depending on
exactly when Open MPI kills them.
--------------------------------------------------------------------------
srun: Job step aborted: Waiting up to 32 seconds for job step to finish.
srun: error: a006: tasks 0-63: Killed
[row] Error executing command.
